album,author,bits,date,download_password,download_url,file_format,info,language,music,size,title
选自专辑《Now That I've Found You: A Collection》,Alison Krauss,763Kbps,2014-05-02,hvce,http://pan.baidu.com/s/1bnlbi5h,flac,"选自专辑《Now That I've Found You: A Collection》,763Kbps,23.8M,英语,2014-05-02",英语,When You Say Nothing at All,23.8M,Alison Krauss - When You Say Nothing at All.flac
选自专辑《So Long So Wrong》,Alison Krauss,735Kbps,2015-10-09,kcm9,http://pan.baidu.com/s/1pJ8CFwR,ape,"选自专辑《So Long So Wrong》,735Kbps,20.4M,英语,2015-10-09",英语,It Doesn't Matter,20.4M,Alison Krauss - It Doesn't Matter.ape
选自专辑《As I Am》,Alicia Keys,933Kbps,2014-06-01,vcm8,http://pan.baidu.com/s/1dDy48I9,flac,"选自专辑《As I Am》,933Kbps,28.3M,英语,2014-06-01",英语,No One,28.3M,Alicia Keys - No One.flac
选自专辑《The Diary of Alicia Keys》,Alicia Keys,831Kbps,2014-06-23,4464,http://pan.baidu.com/s/1i30yK7N,ape,"选自专辑《The Diary of Alicia Keys》,831Kbps,22.2M,英语,2014-06-23",英语,If I Ain't Got You,22.2M,Alicia Keys - If I Ain't Got You.ape
选自专辑《Trespassing(Deluxe Edition)》,Adam Lambert,870Kbps,2014-04-27,6ih1,http://pan.baidu.com/s/1eQGdjFk,ape,"选自专辑《Trespassing(Deluxe Edition)》,870Kbps,24.0M,英语,2014-04-27",英语,Outlaws Of Love,24.0M,Adam Lambert - Outlaws Of Love.ape
选自专辑《你到底有没有爱过我》,蓝波,902Kbps,2014-10-28,193b,http://pan.baidu.com/s/1pJka1xp,flac,"选自专辑《你到底有没有爱过我》,902Kbps,27.8M,国语,2014-10-28",国语,你到底有没有爱过我,27.8M,蓝波 - 你到底有没有爱过我.flac
选自专辑《男人的尊严》,蓝波,955Kbps,2015-06-18,w9i6,http://pan.baidu.com/s/1hqeqXPq,flac,"选自专辑《男人的尊严》,955Kbps,28.1M,国语,2015-06-18",国语,男人的尊严,28.1M,蓝波 - 男人的尊严.flac
选自专辑《四平青年之浩哥大战古惑仔影视原声带》,蓝波,Kbps,2017-07-01,无,http://pan.baidu.com/s/1kVsolxl,flac,"选自专辑《四平青年之浩哥大战古惑仔影视原声带》,Kbps,26.4M,国语,2017-07-01",国语,迎着风,26.4M,蓝波 - 迎着风.flac
选自专辑《走出大凉山》,山鹰组合,798Kbps,2014-05-30,6unw,http://pan.baidu.com/s/1gdxe1gf,ape,"选自专辑《走出大凉山》,798Kbps,29.4M,国语,2014-05-30",国语,走出大凉山,29.4M,山鹰组合 - 走出大凉山.ape
选自专辑《走出大凉山·家的孩子》,山鹰组合,872Kbps,2015-08-25,nwks,http://pan.baidu.com/s/1jGH7pEA,ape,"选自专辑《走出大凉山·家的孩子》,872Kbps,28.3M,国语,2015-08-25",国语,七月火把节,28.3M,山鹰组合 - 七月火把节.ape
选自专辑《为你而活》,神木与瞳,945Kbps,2015-03-14,onyx,http://pan.baidu.com/s/1mgn8d6o,flac,"选自专辑《为你而活》,945Kbps,31.8M,国语,2015-03-14",国语,为你而活,31.8M,神木与瞳 - 为你而活.flac
选自专辑《For Your Entertainment》,Adam Lambert,1041Kbps,2015-09-18,282b,http://pan.baidu.com/s/1bnjXdTH,flac,"选自专辑《For Your Entertainment》,1041Kbps,35.1M,英语,2015-09-18",英语,Time For Miracle Tg,35.1M,Adam Lambert - Time For Miracle Tg.flac
选自专辑《The Original High》,Adam Lambert,1020Kbps,2015-10-09,geix,http://pan.baidu.com/s/1kTtRJ75,flac,"选自专辑《The Original High》,1020Kbps,25.2M,英语,2015-10-09",英语,The Original High,25.2M,Adam Lambert - The Original High.flac
选自专辑《Ghost Town》,Adam Lambert,873Kbps,2015-10-17,bysw,http://pan.baidu.com/s/1gdrsE6R,ape,"选自专辑《Ghost Town》,873Kbps,21.7M,英语,2015-10-17",英语,Ghost Town,21.7M,Adam Lambert - Ghost Town.ape
选自专辑《新龙谣2》,苏云,902Kbps,2014-07-30,lpa1,http://pan.baidu.com/s/1gdKg27T,flac,"选自专辑《新龙谣2》,902Kbps,28.1M,国语,2014-07-30",国语,知道不知道,28.1M,苏云 - 知道不知道.flac
选自专辑《Angel》,Akon,1060Kbps,2014-03-28,3ffz,http://pan.baidu.com/s/1riPkU,flac,"选自专辑《Angel》,1060Kbps,27.2M,英语,2014-03-28",英语,angel,27.2M,Akon - angel.flac
选自专辑《Oh Africa》,Akon,1027Kbps,2014-09-16,p3ou,http://pan.baidu.com/s/1pJoIcVD,flac,"选自专辑《Oh Africa》,1027Kbps,24.7M,英语,2014-09-16",英语,Oh Africa,24.7M,Akon - Oh Africa.flac
选自专辑《Freedom》,Akon,1411Kbps,2015-09-18,y8dv,http://pan.baidu.com/s/1jGvUfCM,wav,"选自专辑《Freedom》,1411Kbps,32.6M,英语,2015-09-18",英语,Sexy Bitch,32.6M,Akon - Sexy Bitch.wav
选自专辑《Dear Shunza》,顺子,674Kbps,2013-09-22,b6f5,http://pan.baidu.com/s/1dDxim0T,ape,"选自专辑《Dear Shunza》,674Kbps,15.5M,国语,2013-09-22",国语,Dear Friend,15.5M,顺子 - Dear Friend.ape
选自专辑《I Am Not A Star》,顺子,795Kbps,2015-03-09,m6yr,http://pan.baidu.com/s/1pJsR0QR,flac,"选自专辑《I Am Not A Star》,795Kbps,28.6M,国语,2015-03-09",国语,写一首歌,28.6M,顺子 - 写一首歌.flac
选自专辑《我的朋友 Betty Su》,顺子,1411Kbps,2015-10-11,gmyw,http://pan.baidu.com/s/1c09Fn6w,wav,"选自专辑《我的朋友 Betty Su》,1411Kbps,48.6M,国语,2015-10-11",国语,不再想念,48.6M,顺子 - 不再想念.wav
选自专辑《滚石香港黄金十年系列-顺子精选》,顺子,844Kbps,2015-03-25,jcy8,http://pan.baidu.com/s/1qWkc4pQ,ape,"选自专辑《滚石香港黄金十年系列-顺子精选》,844Kbps,405.6M,国语,2015-03-25",国语,专辑《滚石香港黄金十年系列-顺子精选》整轨无损,405.6M,顺子 - 专辑《滚石香港黄金十年系列-顺子精选》整轨无损.ape
选自专辑《OPEN UP》,顺子,1411Kbps,2015-08-25,mg3d,http://pan.baidu.com/s/1kT9xIuj,wav,"选自专辑《OPEN UP》,1411Kbps,45.6M,英语,2015-08-25",英语,Ring My Bell,45.6M,顺子 - Ring My Bell.wav
选自专辑《Shunza》,顺子,876Kbps,2014-05-04,k1vb,http://pan.baidu.com/s/1dD7XFbj,ape,"选自专辑《Shunza》,876Kbps,31.3M,国语,2014-05-04",国语,回家,31.3M,顺子 - 回家.ape
选自专辑《滚石香港黄金十年 顺子精选》,顺子,925Kbps,2014-06-10,v65a,http://pan.baidu.com/s/1eQziGRC,ape,"选自专辑《滚石香港黄金十年 顺子精选》,925Kbps,20.4M,国语,2014-06-10",国语,Open Up,20.4M,顺子 - Open Up.ape
选自专辑《中国好声音》,苏琪繁,2304Kbps,2014-09-13,yxrv,http://pan.baidu.com/s/1pJFhzOR,wav,"选自专辑《中国好声音》,2304Kbps,37.6M,国语,2014-09-13",国语,梦醒时分,37.6M,苏琪繁 - 梦醒时分.wav
选自专辑《21(Deluxe Edition)》,Adele,688Kbps,2014-01-05,kq7n,http://pan.baidu.com/s/1gdIIK9P,ape,"选自专辑《21(Deluxe Edition)》,688Kbps,23.5M,英语,2014-01-05",英语,Someone Like You,23.5M,Adele - Someone Like You.ape
选自专辑《中国好声音》,苏琪繁,2304Kbps,2014-08-09,16os,http://pan.baidu.com/s/1i3kQKQD,wav,"选自专辑《中国好声音》,2304Kbps,58.6M,国语,2014-08-09",国语,会痛的石头,58.6M,苏琪繁 - 会痛的石头.wav
选自专辑《中国好声音》,苏琪繁,2304Kbps,2014-09-13,kdji,http://pan.baidu.com/s/1ntqiZsX,wav,"选自专辑《中国好声音》,2304Kbps,68.9M,国语,2014-09-13",国语,袖手旁观,68.9M,苏琪繁 - 袖手旁观.wav
选自专辑《Greatest Hits》,Adele,793Kbps,2014-12-05,gmss,http://pan.baidu.com/s/1dDeqbJV,flac,"选自专辑《Greatest Hits》,793Kbps,29.9M,英语,2014-12-05",英语,Love Song,29.9M,Adele - Love Song.flac
选自专辑《Skyfall》,Adele,839Kbps,2014-03-12,fiqm,http://pan.baidu.com/s/1bnCf79l,flac,"选自专辑《Skyfall》,839Kbps,28.9M,英语,2014-03-12",英语,skyfall,28.9M,Adele - skyfall.flac
选自专辑《21》,Adele,1411Kbps,2014-06-06,s58t,http://pan.baidu.com/s/1miEzztu,wav,"选自专辑《21》,1411Kbps,327.9M,英语,2014-06-06",英语,专辑《21》分轨无损,327.9M,Adele - 专辑《21》分轨无损.wav
选自专辑《我不能悲伤地坐在你身旁》,左小祖咒,790Kbps,2014-09-05,sfyj,http://pan.baidu.com/s/1dD4BBAL,ape,"选自专辑《我不能悲伤地坐在你身旁》,790Kbps,36.0M,国语,2014-09-05",国语,我不能悲伤地坐在你身旁,36.0M,左小祖咒 - 我不能悲伤地坐在你身旁.ape
选自专辑《Greatest Hits》,Adele,844Kbps,2014-06-20,kk95,http://pan.baidu.com/s/1o68wcIm,ape,"选自专辑《Greatest Hits》,844Kbps,35.0M,英语,2014-06-20",英语,One And Only,35.0M,Adele - One And Only.ape
选自专辑《Greenberg Original Motion Picture Soundtrack》,Albert Hammond,890Kbps,2014-06-25,9p4w,http://pan.baidu.com/s/1kTwWW7P,flac,"选自专辑《Greenberg Original Motion Picture Soundtrack》,890Kbps,24.4M,英语,2014-06-25",英语,It Never Rains In Southern California,24.4M,Albert Hammond - It Never Rains In Southern California.flac
选自专辑《善意的谎言》,司徒兰芳,1044Kbps,2015-08-24,e6gs,http://pan.baidu.com/s/1ntIMY3v,flac,"选自专辑《善意的谎言》,1044Kbps,30.3M,国语,2015-08-24",国语,女人不是妖,30.3M,司徒兰芳 - 女人不是妖.flac
选自专辑《善意的谎言》,司徒兰芳,1057Kbps,2015-09-20,zima,http://pan.baidu.com/s/1kTD3hwb,flac,"选自专辑《善意的谎言》,1057Kbps,33.7M,国语,2015-09-20",国语,爱的草原情的河,33.7M,司徒兰芳 - 爱的草原情的河.flac
选自专辑《珍惜的背包》,苏有朋,871Kbps,2013-11-03,c65u,http://pan.baidu.com/s/1dDGflmh,ape,"选自专辑《珍惜的背包》,871Kbps,28.3M,国语,2013-11-03",国语,背包,28.3M,苏有朋 - 背包.ape
选自专辑《了解》,苏有朋,798Kbps,2013-12-01,tfa9,http://pan.baidu.com/s/1jGkNcHo,ape,"选自专辑《了解》,798Kbps,25.0M,国语,2013-12-01",国语,珍惜,25.0M,苏有朋 - 珍惜.ape
选自专辑《家在北极村》,左小祖咒,791Kbps,2015-08-10,bsu4,http://pan.baidu.com/s/1eQ53a8a,ape,"选自专辑《家在北极村》,791Kbps,36.3M,国语,2015-08-10",国语,爱情的枪,36.3M,左小祖咒 - 爱情的枪.ape
选自专辑《大事》,左小祖咒,1411Kbps,2015-10-13,knkr,http://pan.baidu.com/s/1sjoqmdR,wav,"选自专辑《大事》,1411Kbps,55.1M,国语,2015-10-13",国语,忧伤的老板,55.1M,左小祖咒 - 忧伤的老板.wav
选自专辑《大事》,左小祖咒,869Kbps,2015-10-14,uwnq,http://pan.baidu.com/s/1kT6dwDx,flac,"选自专辑《大事》,869Kbps,32.2M,国语,2015-10-14",国语,好姑娘,32.2M,左小祖咒 - 好姑娘.flac
选自专辑《21》,Adele,Kbps,2016-07-29,无,http://pan.baidu.com/s/1kVRNY4Z,ape,"选自专辑《21》,Kbps,41M,国语,2016-07-29",国语,Don't You Remember,41M,Adele - Don't You Remember.ape
选自专辑《月亮女儿》,张燕,1411Kbps,2015-07-28,456h,http://pan.baidu.com/s/1hqtmKtu,wav,"选自专辑《月亮女儿》,1411Kbps,555.7M,国语,2015-07-28",国语,专辑《月亮女儿》整轨无损,555.7M,张燕 - 专辑《月亮女儿》整轨无损.wav
选自专辑《21》,Adele,Kbps,2016-07-29,无,http://pan.baidu.com/s/1nvgwLnF,wav,"选自专辑《21》,Kbps,42.8M,国语,2016-07-29",国语,Turning Tables,42.8M,Adele - Turning Tables.wav
选自专辑《Rolling In The Deep》,Adele,Kbps,2016-07-30,lute,http://pan.baidu.com/s/1dELPQe9,wav,"选自专辑《Rolling In The Deep》,Kbps,38.4M,国语,2016-07-30",国语,Rolling In The Deep,38.4M,Adele - Rolling In The Deep.wav
选自专辑《伤口》,苏有朋,865Kbps,2015-09-28,a7wm,http://pan.baidu.com/s/1qWzguao,ape,"选自专辑《伤口》,865Kbps,28.1M,国语,2015-09-28",国语,最爱你的人,28.1M,苏有朋 - 最爱你的人.ape
选自专辑《缘份》,张燕,936Kbps,2015-08-07,qctp,http://pan.baidu.com/s/1i3AMy37,flac,"选自专辑《缘份》,936Kbps,30.8M,国语,2015-08-07",国语,红对联,30.8M,张燕 - 红对联.flac
选自专辑《21》,Adele,Kbps,2016-07-30,无,http://pan.baidu.com/s/1czagAa,wav,"选自专辑《21》,Kbps,40.6M,国语,2016-07-30",国语,Set Fire to the Rain,40.6M,Adele - Set Fire to the Rain.wav
选自专辑《21》,Adele,Kbps,2016-07-30,无,http://pan.baidu.com/s/1hskAN0w,wav,"选自专辑《21》,Kbps,46.7M,国语,2016-07-30",国语,He Won't Go,46.7M,Adele - He Won't Go.wav
选自专辑《21》,Adele,Kbps,2016-07-30,无,http://pan.baidu.com/s/1jHR9QQU,wav,"选自专辑《21》,Kbps,58.3M,国语,2016-07-30",国语,One and Only,58.3M,Adele - One and Only.wav
选自专辑《凤凰展翅》,司徒兰芳,1000Kbps,2014-05-03,obh2,http://pan.baidu.com/s/1qW0jH3Q,ape,"选自专辑《凤凰展翅》,1000Kbps,27.7M,国语,2014-05-03",国语,凤凰展翅,27.7M,司徒兰芳 - 凤凰展翅.ape
选自专辑《21》,Adele,Kbps,2016-07-30,无,http://pan.baidu.com/s/1dF0pUq1,wav,"选自专辑《21》,Kbps,48M,国语,2016-07-30",国语,Someone Like You,48M,Adele - Someone Like You.wav
选自专辑《21》,Adele,Kbps,2016-07-30,无,http://pan.baidu.com/s/1jHR9QRk,wav,"选自专辑《21》,Kbps,53.2M,国语,2016-07-30",国语,Lovesong,53.2M,Adele - Lovesong.wav
选自专辑《Hometown Glory》,Adele,Kbps,2016-07-30,无,http://pan.baidu.com/s/1bpn2OGn,flac,"选自专辑《Hometown Glory》,Kbps,23.1M,国语,2016-07-30",国语,Best For Last,23.1M,Adele - Best For Last.flac
选自专辑《19(Deluxe Edition)》,Adele,Kbps,2016-07-31,无,http://pan.baidu.com/s/1jHQnSRc,flac,"选自专辑《19(Deluxe Edition)》,Kbps,23.2M,国语,2016-07-31",国语,Chasing Pavements,23.2M,Adele - Chasing Pavements.flac
选自专辑《19》,Adele,Kbps,2016-07-30,无,http://pan.baidu.com/s/1boFCQQj,flac,"选自专辑《19》,Kbps,18.7M,国语,2016-07-30",国语,Daydreamer,18.7M,Adele - Daydreamer.flac
选自专辑《19(Deluxe Edition)》,Adele,Kbps,2016-07-31,无,http://pan.baidu.com/s/1nuQhP5B,flac,"选自专辑《19(Deluxe Edition)》,Kbps,22.5M,国语,2016-07-31",国语,Cold Shoulder,22.5M,Adele - Cold Shoulder.flac
选自专辑《19(Deluxe Edition)》,Adele,Kbps,2016-07-31,无,http://pan.baidu.com/s/1c2meNfU,flac,"选自专辑《19(Deluxe Edition)》,Kbps,16.4M,英语,2016-07-31",英语,Crazy For You,16.4M,Adele - Crazy For You.flac
选自专辑《19(Deluxe Edition)》,Adele,Kbps,2016-07-31,无,http://pan.baidu.com/s/1nvgwO0x,flac,"选自专辑《19(Deluxe Edition)》,Kbps,21.4M,国语,2016-07-31",国语,Melt My Heart To Stone,21.4M,Adele - Melt My Heart To Stone.flac
选自专辑《21》,Adele,974Kbps,2014-12-06,qmda,http://pan.baidu.com/s/1sjO8N6X,flac,"选自专辑《21》,974Kbps,28.1M,英语,2014-12-06",英语,Set Fire To The Rain,28.1M,Adele - Set Fire To The Rain.flac
选自专辑《21》,Adele,Kbps,2016-07-30,无,http://pan.baidu.com/s/1i5aztZJ,wav,"选自专辑《21》,Kbps,38.4M,国语,2016-07-30",国语,Take It All,38.4M,Adele - Take It All.wav
选自专辑《19(Deluxe Edition)》,Adele,Kbps,2016-07-31,无,http://pan.baidu.com/s/1i5fOY4P,flac,"选自专辑《19(Deluxe Edition)》,Kbps,28.5M,英语,2016-07-31",英语,Tired,28.5M,Adele - Tired.flac
选自专辑《19(Deluxe Edition)》,Adele,Kbps,2016-07-31,无,http://pan.baidu.com/s/1jIDCTU2,flac,"选自专辑《19(Deluxe Edition)》,Kbps,24.3M,英语,2016-07-31",英语,Hometown Glory,24.3M,Adele - Hometown Glory.flac
选自专辑《25》,Adele,Kbps,2016-08-01,无,http://pan.baidu.com/s/1jIfNcvs,ape,"选自专辑《25》,Kbps,28.4M,英语,2016-08-01",英语,Hello,28.4M,Adele - Hello.ape
选自专辑《19(Deluxe Edition)》,Adele,Kbps,2016-07-31,无,http://pan.baidu.com/s/1pLu5QP1,flac,"选自专辑《19(Deluxe Edition)》,Kbps,15.8M,英语,2016-07-31",英语,First Love,15.8M,Adele - First Love.flac
选自专辑《19(Deluxe Edition)》,Adele,Kbps,2016-07-31,无,http://pan.baidu.com/s/1i5570up,flac,"选自专辑《19(Deluxe Edition)》,Kbps,20.95M,国语,2016-07-31",国语,Right As Rain,20.95M,Adele - Right As Rain.flac
选自专辑《25》,Adele,Kbps,2016-08-01,无,http://pan.baidu.com/s/1gflYOcN,flac,"选自专辑《25》,Kbps,24M,英语,2016-08-01",英语,Send My Love(To Your New Lover),24M,Adele - Send My Love(To Your New Lover).flac
选自专辑《21》,Adele,Kbps,2016-07-30,无,http://pan.baidu.com/s/1slzR3UP,wav,"选自专辑《21》,Kbps,40.6M,国语,2016-07-30",国语,I'll Be Waiting,40.6M,Adele - I'll Be Waiting.wav
选自专辑《25》,Adele,Kbps,2016-08-01,无,http://pan.baidu.com/s/1c2NYD12,flac,"选自专辑《25》,Kbps,27.5M,国语,2016-08-01",国语,When We Were Young,27.5M,Adele - When We Were Young.flac
选自专辑《25》,Adele,Kbps,2016-08-01,无,http://pan.baidu.com/s/1nvAjhk1,flac,"选自专辑《25》,Kbps,38M,英语,2016-08-01",英语,i miss you,38M,Adele - i miss you.flac
选自专辑《25》,Adele,Kbps,2016-08-01,无,http://pan.baidu.com/s/1kVi2RFx,flac,"选自专辑《25》,Kbps,27.5M,英语,2016-08-01",英语,Water Under The Bridge,27.5M,Adele - Water Under The Bridge.flac
选自专辑《19(Deluxe Edition)》,Adele,Kbps,2016-07-31,无,http://pan.baidu.com/s/1o8CiPZG,flac,"选自专辑《19(Deluxe Edition)》,Kbps,17.4M,英语,2016-07-31",英语,Make You Feel My Love,17.4M,Adele - Make You Feel My Love.flac
选自专辑《25》,Adele,Kbps,2016-08-02,无,http://pan.baidu.com/s/1hswglt6,flac,"选自专辑《25》,Kbps,28.7M,英语,2016-08-02",英语,Love In The Dark,28.7M,Adele - Love In The Dark.flac
选自专辑《25》,Adele,Kbps,2016-08-02,无,http://pan.baidu.com/s/1c7NKtC,flac,"选自专辑《25》,Kbps,20.5M,英语,2016-08-02",英语,Million Years Ago,20.5M,Adele - Million Years Ago.flac
选自专辑《25》,Adele,Kbps,2016-08-02,无,http://pan.baidu.com/s/1jI99twa,flac,"选自专辑《25》,Kbps,27.2M,国语,2016-08-02",国语,Sweetest Devotion,27.2M,Adele - Sweetest Devotion.flac
选自专辑《25》,Adele,Kbps,2016-08-02,无,http://pan.baidu.com/s/1kUBsTF5,flac,"选自专辑《25》,Kbps,17M,英语,2016-08-02",英语,Can't Let Go,17M,Adele - Can't Let Go.flac
选自专辑《25》,Adele,Kbps,2016-08-02,无,http://pan.baidu.com/s/1ge6bzhD,flac,"选自专辑《25》,Kbps,24.3M,国语,2016-08-02",国语,River Lea,24.3M,Adele - River Lea.flac
选自专辑《25》,Adele,Kbps,2016-08-02,无,http://pan.baidu.com/s/1gf5BHWR,flac,"选自专辑《25》,Kbps,24.8M,国语,2016-08-02",国语,Lay Me Down,24.8M,Adele - Lay Me Down.flac
选自专辑《25》,Adele,Kbps,2016-08-02,无,http://pan.baidu.com/s/1eRKWAXk,flac,"选自专辑《25》,Kbps,24.7M,英语,2016-08-02",英语,Why Do You Love Me,24.7M,Adele - Why Do You Love Me.flac
选自专辑《Solidays》,Adele,Kbps,2016-08-15,无,http://pan.baidu.com/s/1pLKpnCJ,ape,"选自专辑《Solidays》,Kbps,23.7M,粤语,2016-08-15",粤语,月球上的人(live),23.7M,Adele - 月球上的人(live).ape
选自专辑《》,Adele,Kbps,2016-08-13,无,http://pan.baidu.com/s/1slGNru1,flac,"选自专辑《》,Kbps,360M,英语,2016-08-13",英语,专辑《25》,360M,Adele - 专辑《25》.flac
选自专辑《25》,Adele,Kbps,2016-08-02,无,http://pan.baidu.com/s/1c7hNMQ,flac,"选自专辑《25》,Kbps,25M,英语,2016-08-02",英语,All I Ask,25M,Adele - All I Ask.flac
选自专辑《Ultimate Air Supply》,Air Supply,1411Kbps,2015-10-09,2egs,http://pan.baidu.com/s/1pJvf94v,wav,"选自专辑《Ultimate Air Supply》,1411Kbps,41.7M,英语,2015-10-09",英语,All Out Of Love,41.7M,Air Supply - All Out Of Love.wav
选自专辑《Forever Love: 36 Greatest Hits 1980-2001(Disc 1)》,Air Supply,896Kbps,2014-08-24,od7r,http://pan.baidu.com/s/1mgLYIxi,ape,"选自专辑《Forever Love: 36 Greatest Hits 1980-2001(Disc 1)》,896Kbps,36.5M,英语,2014-08-24",英语,Making Love Out Of Nothing At All,36.5M,Air Supply - Making Love Out Of Nothing At All.ape
选自专辑《Alicia Keys-VH1 Storytellers (Live)》,Alicia Keys,862Kbps,2014-08-16,gl8s,http://pan.baidu.com/s/1ntkcKsx,ape,"选自专辑《Alicia Keys-VH1 Storytellers (Live)》,862Kbps,30.5M,英语,2014-08-16",英语,Girl On Fire,30.5M,Alicia Keys - Girl On Fire.ape
选自专辑《19 (Deluxe Edition)》,Adele,Kbps,2016-07-31,无,http://pan.baidu.com/s/1hskAN56,flac,"选自专辑《19 (Deluxe Edition)》,Kbps,20.6M,英语,2016-07-31",英语,My Same,20.6M,Adele - My Same.flac
选自专辑《Freedom》,Alicia Keys,854Kbps,2015-09-18,pxrs,http://pan.baidu.com/s/1eQuazXg,flac,"选自专辑《Freedom》,854Kbps,20.5M,英语,2015-09-18",英语,28 Thousand Days,20.5M,Alicia Keys - 28 Thousand Days.flac
选自专辑《Beginner》,AKB48,1120Kbps,2014-06-04,n2bq,http://pan.baidu.com/s/1eQIfzkI,ape,"选自专辑《Beginner》,1120Kbps,31.7M,日语,2014-06-04",日语,Beginner,31.7M,AKB48 - Beginner.ape
选自专辑《Alicia Keys-VH1 Storytellers (Live)》,Alicia Keys,861Kbps,2014-08-29,t3q7,http://pan.baidu.com/s/1cX7hc,ape,"选自专辑《Alicia Keys-VH1 Storytellers (Live)》,861Kbps,30.5M,英语,2014-08-29",英语,Girl On Fire,30.5M,Alicia Keys - Girl On Fire.ape
选自专辑《25》,Adele,Kbps,2016-08-01,无,http://pan.baidu.com/s/1dFJmR9f,flac,"选自专辑《25》,Kbps,22.5M,国语,2016-08-01",国语,Remedy,22.5M,Adele - Remedy.flac
选自专辑《Chasing Pavements》,Adele,1411Kbps,2015-07-13,em38,http://pan.baidu.com/s/1eQpmeR4,wav,"选自专辑《Chasing Pavements》,1411Kbps,35.7M,英语,2015-07-13",英语,Chasing Pavements,35.7M,Adele - Chasing Pavements.wav
选自专辑《21》,Adele,Kbps,2016-07-29,无,http://pan.baidu.com/s/1dECQTLR,wav,"选自专辑《21》,Kbps,37.2M,国语,2016-07-29",国语,Rumour Has It,37.2M,Adele - Rumour Has It.wav
选自专辑《电视剧《新白娘子传奇》插曲》,左宏元,765Kbps,2015-02-09,m46j,http://pan.baidu.com/s/1pJwoxQz,ape,"选自专辑《电视剧《新白娘子传奇》插曲》,765Kbps,15.6M,国语,2015-02-09",国语,神仙歌,15.6M,左宏元 - 神仙歌.ape
选自专辑《新白娘子传奇 电视原声带》,左宏元,791Kbps,2013-12-15,1mmj,http://pan.baidu.com/s/1o6M8s46,ape,"选自专辑《新白娘子传奇 电视原声带》,791Kbps,18.5M,国语,2013-12-15",国语,渡情,18.5M,左宏元 - 渡情.ape
选自专辑《梦开始的地方》,邹宏宇,920Kbps,2013-10-29,mxwd,http://pan.baidu.com/s/1hqJwIA4,ape,"选自专辑《梦开始的地方》,920Kbps,27.8M,国语,2013-10-29",国语,灿烂人生路,27.8M,邹宏宇 - 灿烂人生路.ape
选自专辑《天蓝》,卓亚君,840Kbps,2014-06-28,d998,http://pan.baidu.com/s/1bnCMvmR,ape,"选自专辑《天蓝》,840Kbps,22.3M,国语,2014-06-28",国语,天蓝,22.3M,卓亚君 - 天蓝.ape
选自专辑《反正卓文萱》,卓文萱,966Kbps,2014-06-04,6y9u,http://pan.baidu.com/s/1c0CJP9Q,flac,"选自专辑《反正卓文萱》,966Kbps,25.5M,国语,2014-06-04",国语,不要不要,25.5M,卓文萱 - 不要不要.flac
选自专辑《最难忘的你》,祖海,1411Kbps,2015-05-06,hkir,http://pan.baidu.com/s/1sjmed8T,flac,"选自专辑《最难忘的你》,1411Kbps,30.9M,国语,2015-05-06",国语,为了谁,30.9M,祖海 - 为了谁.flac
选自专辑《天竺少女》,祖海,803Kbps,2015-08-10,nmak,http://pan.baidu.com/s/14ptym,flac,"选自专辑《天竺少女》,803Kbps,21.9M,国语,2015-08-10",国语,天竺少女,21.9M,祖海 - 天竺少女.flac
选自专辑《Play N Fun 1+1》,卓文萱,915Kbps,2014-06-09,w053,http://pan.baidu.com/s/1c08ak5y,ape,"选自专辑《Play N Fun 1+1》,915Kbps,27.4M,国语,2014-06-09",国语,一秒也好,27.4M,卓文萱 - 一秒也好.ape
选自专辑《中国风》,庄学忠,1411Kbps,2015-01-05,fg4y,http://pan.baidu.com/s/1dDlIyNR,wav,"选自专辑《中国风》,1411Kbps,650.1M,国语,2015-01-05",国语,专辑《中国风》整轨无损,650.1M,庄学忠 - 专辑《中国风》整轨无损.wav
选自专辑《Play N Fun 1+1》,卓文萱,867Kbps,2014-07-15,dos9,http://pan.baidu.com/s/1i3mmgBj,ape,"选自专辑《Play N Fun 1+1》,867Kbps,30.6M,国语,2014-07-15",国语,1+1,30.6M,卓文萱 - 1+1.ape
选自专辑《习惯》,卓文萱,899Kbps,2015-02-13,712o,http://pan.baidu.com/s/1kTsYRHl,flac,"选自专辑《习惯》,899Kbps,28.6M,国语,2015-02-13",国语,爱我好吗,28.6M,卓文萱 - 爱我好吗.flac
选自专辑《灼乐感》,卓文萱,944Kbps,2015-07-04,sd3v,http://pan.baidu.com/s/1gdtnmWN,flac,"选自专辑《灼乐感》,944Kbps,24.0M,国语,2015-07-04",国语,心爱的,24.0M,卓文萱 - 心爱的.flac
选自专辑《超级喜欢》,卓文萱,895Kbps,2015-08-06,xirg,http://pan.baidu.com/s/1i3nfGZr,ape,"选自专辑《超级喜欢》,895Kbps,30.5M,国语,2015-08-06",国语,一句话,30.5M,卓文萱 - 一句话.ape
选自专辑《超级喜欢》,卓文萱,1411Kbps,2015-08-09,hb8q,http://pan.baidu.com/s/1pJpBA5P,wav,"选自专辑《超级喜欢》,1411Kbps,30.9M,国语,2015-08-09",国语,超级喜欢,30.9M,卓文萱 - 超级喜欢.wav
选自专辑《灼乐感》,卓文萱,761Kbps,2015-08-11,q3b8,http://pan.baidu.com/s/1ntKNWPr,flac,"选自专辑《灼乐感》,761Kbps,23.2M,国语,2015-08-11",国语,幸福的理由,23.2M,卓文萱 - 幸福的理由.flac
选自专辑《灼乐感》,卓文萱,Kbps,2016-06-24,无,http://pan.baidu.com/s/1bpoMHcV,wav,"选自专辑《灼乐感》,Kbps,110M,国语,2016-06-24",国语,黑马,110M,卓文萱 - 黑马.wav
选自专辑《灼乐感》,卓文萱,Kbps,2016-06-24,无,http://pan.baidu.com/s/1qYGg6CG,wav,"选自专辑《灼乐感》,Kbps,100M,国语,2016-06-24",国语,啾咪啾咪,100M,卓文萱 - 啾咪啾咪.wav
选自专辑《灼乐感》,卓文萱,Kbps,2016-06-24,无,http://pan.baidu.com/s/1geNAlvP,wav,"选自专辑《灼乐感》,Kbps,109M,国语,2016-06-24",国语,心爱的,109M,卓文萱 - 心爱的.wav
选自专辑《阿姐鼓》,朱哲琴,525Kbps,2014-02-23,84n2,http://pan.baidu.com/s/1mgt6soo,ape,"选自专辑《阿姐鼓》,525Kbps,21.9M,国语,2014-02-23",国语,阿姐鼓,21.9M,朱哲琴 - 阿姐鼓.ape
选自专辑《月出》,朱哲琴,828Kbps,2014-06-11,2ua5,http://pan.baidu.com/s/1sjEvyrz,flac,"选自专辑《月出》,828Kbps,294.3M,国语,2014-06-11",国语,专辑《月出》整轨无损,294.3M,朱哲琴 - 专辑《月出》整轨无损.flac
选自专辑《一个真实的故事精选》,朱哲琴,1411Kbps,2015-02-13,32jo,http://pan.baidu.com/s/1eQ2C2Wy,wav,"选自专辑《一个真实的故事精选》,1411Kbps,44.0M,国语,2015-02-13",国语,一个真实的故事,44.0M,朱哲琴 - 一个真实的故事.wav
选自专辑《一个真实的故事精选》,朱哲琴,710Kbps,2015-07-05,83fy,http://pan.baidu.com/s/1dDvtnhv,flac,"选自专辑《一个真实的故事精选》,710Kbps,30.5M,国语,2015-07-05",国语,黄孩子,30.5M,朱哲琴 - 黄孩子.flac
选自专辑《阿姐鼓》,朱哲琴,570Kbps,2015-08-09,ap4e,http://pan.baidu.com/s/1eQEWxYq,ape,"选自专辑《阿姐鼓》,570Kbps,30.8M,国语,2015-08-09",国语,天唱,30.8M,朱哲琴 - 天唱.ape
选自专辑《中国好声音第四季 第十二期》,朱强,Kbps,2016-04-11,nyhy,http://pan.baidu.com/s/1eSf14EA,flac,"选自专辑《中国好声音第四季 第十二期》,Kbps,19.6M,国语,2016-04-11",国语,但愿人长久,19.6M,朱强 - 但愿人长久.flac
选自专辑《信》,周子琰,833Kbps,2014-08-14,6ejr,http://pan.baidu.com/s/1jGIEMrk,ape,"选自专辑《信》,833Kbps,28.7M,国语,2014-08-14",国语,信,28.7M,周子琰 - 信.ape
选自专辑《中国歌典 1980's 改革开放的时代》,朱明瑛,1411Kbps,2015-04-23,bnv5,http://pan.baidu.com/s/1dDfaxxB,wav,"选自专辑《中国歌典 1980's 改革开放的时代》,1411Kbps,35.2M,国语,2015-04-23",国语,大海啊故乡,35.2M,朱明瑛 - 大海啊故乡.wav
选自专辑《中国好声音》,朱强,2304Kbps,2014-08-22,9w8h,http://pan.baidu.com/s/1bnkxsGv,wav,"选自专辑《中国好声音》,2304Kbps,59.8M,国语,2014-08-22",国语,菊花台,59.8M,朱强 - 菊花台.wav
选自专辑《中国好声音第四季 第一期》,朱强,Kbps,2016-04-23,t9xq,http://pan.baidu.com/s/1i5oOMAp,flac,"选自专辑《中国好声音第四季 第一期》,Kbps,19.6MBM,国语,2016-04-23",国语,但愿人长久,19.6MBM,朱强 - 但愿人长久.flac
选自专辑《我懂你》,周子琰,913Kbps,2015-08-09,tdt5,http://pan.baidu.com/s/1bnCuEuF,ape,"选自专辑《我懂你》,913Kbps,29.3M,国语,2015-08-09",国语,我懂你,29.3M,周子琰 - 我懂你.ape
选自专辑《记得我爱你》,周渝民,864Kbps,2015-06-02,2jvr,http://pan.baidu.com/s/1nt1M1NN,flac,"选自专辑《记得我爱你》,864Kbps,27.8M,国语,2015-06-02",国语,记得我爱你,27.8M,周渝民 - 记得我爱你.flac
选自专辑《风起来的时光》,周子琰,1411Kbps,2015-09-19,4n2q,http://pan.baidu.com/s/1ntKk6Kx,wav,"选自专辑《风起来的时光》,1411Kbps,47.8M,国语,2015-09-19",国语,风起来的时光,47.8M,周子琰 - 风起来的时光.wav
选自专辑《央金玛》,朱哲琴,751Kbps,2015-10-12,abu1,http://pan.baidu.com/s/1gd11JSf,ape,"选自专辑《央金玛》,751Kbps,224.3M,国语,2015-10-12",国语,专辑《央金玛》整轨无损,224.3M,朱哲琴 - 专辑《央金玛》整轨无损.ape
选自专辑《我不是F4》,周渝民,1082Kbps,2015-06-11,28gn,http://pan.baidu.com/s/1c0zx204,flac,"选自专辑《我不是F4》,1082Kbps,29.4M,国语,2015-06-11",国语,我不是f4,29.4M,周渝民 - 我不是f4.flac
选自专辑《男女情歌对唱冠军全记录》,周渝民,852Kbps,2015-08-09,wnge,http://pan.baidu.com/s/1jGL9MXS,flac,"选自专辑《男女情歌对唱冠军全记录》,852Kbps,30.5M,国语,2015-08-09",国语,让我爱你,30.5M,周渝民 - 让我爱你.flac
选自专辑《在这里等你》,周渝民,864Kbps,2015-09-19,qenr,http://pan.baidu.com/s/1jGERc2M,flac,"选自专辑《在这里等你》,864Kbps,25.7M,国语,2015-09-19",国语,残念,25.7M,周渝民 - 残念.flac
选自专辑《Make a Wish》,周渝民,1411Kbps,2015-10-11,ycdm,http://pan.baidu.com/s/1o67YT78,wav,"选自专辑《Make a Wish》,1411Kbps,47.2M,国语,2015-10-11",国语,爱在爱你,47.2M,周渝民 - 爱在爱你.wav
选自专辑《中国好声音》,朱强,2304Kbps,2014-08-23,7yhf,http://pan.baidu.com/s/1bnD38Az,wav,"选自专辑《中国好声音》,2304Kbps,55.6M,国语,2014-08-23",国语,卷珠帘,55.6M,朱强 - 卷珠帘.wav
选自专辑《国语经典101》,周治平,771Kbps,2014-09-05,afts,http://pan.baidu.com/s/1mgqkjmo,ape,"选自专辑《国语经典101》,771Kbps,29.3M,国语,2014-09-05",国语,青梅竹马,29.3M,周治平 - 青梅竹马.ape
选自专辑《风花雪月作品辑》,周治平,775Kbps,2014-09-05,yumv,http://pan.baidu.com/s/1eQIMGeA,ape,"选自专辑《风花雪月作品辑》,775Kbps,24.9M,国语,2014-09-05",国语,那一场风花雪月的事,24.9M,周治平 - 那一场风花雪月的事.ape
选自专辑《阿姐鼓》,朱哲琴,630Kbps,2015-10-17,5uus,http://pan.baidu.com/s/1i3JESVN,ape,"选自专辑《阿姐鼓》,630Kbps,22.4M,国语,2015-10-17",国语,卓玛的卓玛,22.4M,朱哲琴 - 卓玛的卓玛.ape
选自专辑《隽永作品辑》,周治平,838Kbps,2014-09-05,axfu,http://pan.baidu.com/s/1qWmEpK4,ape,"选自专辑《隽永作品辑》,838Kbps,30.3M,国语,2014-09-05",国语,筝,30.3M,周治平 - 筝.ape
选自专辑《国语经典101》,周治平,743Kbps,2014-09-05,s9ns,http://pan.baidu.com/s/1sjAsKzz,ape,"选自专辑《国语经典101》,743Kbps,26.0M,国语,2014-09-05",国语,梦不到你,26.0M,周治平 - 梦不到你.ape
选自专辑《花开花谢》,周治平,850Kbps,2014-09-05,62lb,http://pan.baidu.com/s/1sjoEc7F,ape,"选自专辑《花开花谢》,850Kbps,28.7M,国语,2014-09-05",国语,往事悠悠,28.7M,周治平 - 往事悠悠.ape
选自专辑《97白金精选》,周治平,842Kbps,2015-01-14,8wfe,http://pan.baidu.com/s/1gdrKlDh,flac,"选自专辑《97白金精选》,842Kbps,28.2M,国语,2015-01-14",国语,焚,28.2M,周治平 - 焚.flac
选自专辑《童周共聚演唱会LIVE》,周治平,867Kbps,2015-08-20,yheb,http://pan.baidu.com/s/1dDAV5Gd,ape,"选自专辑《童周共聚演唱会LIVE》,867Kbps,17.1M,国语,2015-08-20",国语,只能说遗憾,17.1M,周治平 - 只能说遗憾.ape
选自专辑《歌声依旧·真情难忘》,朱晓琳,808Kbps,2015-09-06,pbqp,http://pan.baidu.com/s/1mgIjXiC,flac,"选自专辑《歌声依旧·真情难忘》,808Kbps,19.3M,国语,2015-09-06",国语,梦回故乡,19.3M,朱晓琳 - 梦回故乡.flac
选自专辑《灼乐感》,卓文萱,Kbps,2016-06-24,无,http://pan.baidu.com/s/1eR1r7Js,wav,"选自专辑《灼乐感》,Kbps,114M,国语,2016-06-24",国语,一颗钮扣,114M,卓文萱 - 一颗钮扣.wav
选自专辑《灼乐感》,卓文萱,Kbps,2016-06-24,无,http://pan.baidu.com/s/1kUONXBL,wav,"选自专辑《灼乐感》,Kbps,124M,国语,2016-06-24",国语,瘾,124M,卓文萱 - 瘾.wav
选自专辑《灼乐感》,卓文萱,Kbps,2016-06-24,无,http://pan.baidu.com/s/1jI0dJmu,wav,"选自专辑《灼乐感》,Kbps,132M,国语,2016-06-24",国语,"期待, 爱",132M,"卓文萱 - 期待, 爱.wav"
选自专辑《灼乐感》,卓文萱,Kbps,2016-06-24,无,http://pan.baidu.com/s/1geIk6xP,wav,"选自专辑《灼乐感》,Kbps,131M,国语,2016-06-24",国语,幸福的理由,131M,卓文萱 - 幸福的理由.wav
选自专辑《灼乐感》,卓文萱,Kbps,2016-06-24,无,http://pan.baidu.com/s/1nvTdRXR,wav,"选自专辑《灼乐感》,Kbps,109M,国语,2016-06-24",国语,小心点,109M,卓文萱 - 小心点.wav
选自专辑《灼乐感》,卓文萱,Kbps,2016-06-24,无,http://pan.baidu.com/s/1pLla1tD,wav,"选自专辑《灼乐感》,Kbps,111M,国语,2016-06-24",国语,蒙娜丽莎的微笑,111M,卓文萱 - 蒙娜丽莎的微笑.wav
选自专辑《灼乐感》,卓文萱,Kbps,2016-06-24,无,http://pan.baidu.com/s/1bpfZnMR,wav,"选自专辑《灼乐感》,Kbps,121M,国语,2016-06-24",国语,beyourself,121M,卓文萱 - beyourself.wav
选自专辑《灼乐感》,卓文萱,Kbps,2016-06-24,无,http://pan.baidu.com/s/1nvjcD3F,wav,"选自专辑《灼乐感》,Kbps,161M,国语,2016-06-24",国语,灼乐感,161M,卓文萱 - 灼乐感.wav
选自专辑《习惯》,卓文萱,Kbps,2016-06-24,无,http://pan.baidu.com/share/link?shareid=3148754067&uk=1449572974,ape,"选自专辑《习惯》,Kbps,23.1M,国语,2016-06-24",国语,对你的爱,23.1M,卓文萱 - 对你的爱.ape
选自专辑《2014湖南卫视元宵喜乐会》,卓文萱,Kbps,2016-06-24,9pj1,http://pan.baidu.com/s/1kV1CLgj,wav,"选自专辑《2014湖南卫视元宵喜乐会》,Kbps,38.7M,国语,2016-06-24",国语,梁山伯与朱丽叶(live版),38.7M,卓文萱 - 梁山伯与朱丽叶(live版).wav
选自专辑《北上列车》,纵贯线,1046Kbps,2014-12-04,rr64,http://pan.baidu.com/s/1i3kT2Mp,flac,"选自专辑《北上列车》,1046Kbps,27.2M,国语,2014-12-04",国语,公路,27.2M,纵贯线 - 公路.flac
选自专辑《全线通车》,纵贯线,1411Kbps,2015-03-16,2are,http://pan.baidu.com/s/1c02H5xY,ape,"选自专辑《全线通车》,1411Kbps,365.5M,国语,2015-03-16",国语,专辑《全线通车》整轨无损2CD,365.5M,纵贯线 - 专辑《全线通车》整轨无损2CD.ape
选自专辑《北上列车》,纵贯线,1411Kbps,2015-04-01,b7ak,http://pan.baidu.com/s/18lQsI,wav,"选自专辑《北上列车》,1411Kbps,41.5M,国语,2015-04-01",国语,抱着你,41.5M,纵贯线 - 抱着你.wav
选自专辑《第二册》,子曰,928Kbps,2013-10-02,ajfl,http://pan.baidu.com/s/1c0nGPRq,flac,"选自专辑《第二册》,928Kbps,49.9M,国语,2013-10-02",国语,咿呦,49.9M,子曰 - 咿呦.flac
选自专辑《中国好声音》,周深,2304Kbps,2014-07-26,xggr,http://pan.baidu.com/s/1qWJOdkS,wav,"选自专辑《中国好声音》,2304Kbps,55.8M,国语,2014-07-26",国语,欢颜,55.8M,周深 - 欢颜.wav
选自专辑《你那里下雪了吗》,周亮,837Kbps,2014-01-29,o4gg,http://pan.baidu.com/s/1i3Dpc0H,flac,"选自专辑《你那里下雪了吗》,837Kbps,25.5M,国语,2014-01-29",国语,你那里下雪了吗,25.5M,周亮 - 你那里下雪了吗.flac
选自专辑《第一期 导师收歌》,周三,1411Kbps,2014-03-14,kcq3,http://pan.baidu.com/s/1bnCL3GF,wav,"选自专辑《第一期 导师收歌》,1411Kbps,39.8M,国语,2014-03-14",国语,一个歌手的情书,39.8M,周三 - 一个歌手的情书.wav
选自专辑《大鱼》,周深,Kbps,2017-05-08,无,http://pan.baidu.com/s/1nvymVzF,flac,"选自专辑《大鱼》,Kbps,29M,国语,2017-05-08",国语,大鱼,29M,周深 - 大鱼.flac
选自专辑《夏天》,周迅,855Kbps,2013-08-25,odbh,http://pan.baidu.com/s/1ntiFegp,ape,"选自专辑《夏天》,855Kbps,30.6M,国语,2013-08-25",国语,看海,30.6M,周迅 - 看海.ape
选自专辑《浓情淡如你》,周深,Kbps,2017-06-13,r94r,http://pan.baidu.com/s/1ge9Ghfd,flac,"选自专辑《浓情淡如你》,Kbps,34.3M,国语,2017-06-13",国语,浓情淡如你 电影《绣春刀·修罗战场》宣传曲,34.3M,周深 - 浓情淡如你 电影《绣春刀·修罗战场》宣传曲.flac
选自专辑《真的好想你》,周冰倩,908Kbps,2014-09-09,1fos,http://pan.baidu.com/s/1i3CBK3N,ape,"选自专辑《真的好想你》,908Kbps,27.7M,国语,2014-09-09",国语,真的好想你,27.7M,周冰倩 - 真的好想你.ape
选自专辑《Continue》,周柏豪,815Kbps,2013-12-27,juc3,http://pan.baidu.com/s/1kT5d2oZ,ape,"选自专辑《Continue》,815Kbps,18.6M,粤语,2013-12-27",粤语,一事无成,18.6M,周柏豪 - 一事无成.ape
选自专辑《试音钟明秋》,钟明秋,1411Kbps,2015-09-01,1tev,http://pan.baidu.com/s/1c0lpW7e,wav,"选自专辑《试音钟明秋》,1411Kbps,583.9M,国语,2015-09-01",国语,专辑《试音钟明秋》整规无损,583.9M,钟明秋 - 专辑《试音钟明秋》整规无损.wav
选自专辑《诗人与情人》,钟镇涛,847Kbps,2013-09-03,iva1,http://pan.baidu.com/s/1kT2vOOJ,ape,"选自专辑《诗人与情人》,847Kbps,28.5M,国语,2013-09-03",国语,只要你过得比我好,28.5M,钟镇涛 - 只要你过得比我好.ape
选自专辑《Follow》,周柏豪,845Kbps,2015-02-09,y8zd,http://pan.baidu.com/s/1jGJzpie,flac,"选自专辑《Follow》,845Kbps,23.0M,粤语,2015-02-09",粤语,够钟,23.0M,周柏豪 - 够钟.flac
选自专辑《情变》,钟镇涛,773Kbps,2014-01-26,kb3f,http://pan.baidu.com/s/1c0re8a0,ape,"选自专辑《情变》,773Kbps,24.0M,粤语,2014-01-26",粤语,害怕,24.0M,钟镇涛 - 害怕.ape
选自专辑《给自己的信》,钟舒漫,812Kbps,2014-02-28,w6wk,http://pan.baidu.com/s/1pJ8toD1,ape,"选自专辑《给自己的信》,812Kbps,25.6M,国语,2014-02-28",国语,给自己的信,25.6M,钟舒漫 - 给自己的信.ape
选自专辑《真经典 - 钟镇涛》,钟镇涛,839Kbps,2014-05-16,czs5,http://pan.baidu.com/s/1pJiALwZ,flac,"选自专辑《真经典 - 钟镇涛》,839Kbps,24.5M,粤语,2014-05-16",粤语,让一切随风,24.5M,钟镇涛 - 让一切随风.flac
选自专辑《简简单单的生活》,钟镇涛,1411Kbps,2015-02-09,zlop,http://pan.baidu.com/s/1o6oOUKi,wav,"选自专辑《简简单单的生活》,1411Kbps,44.4M,国语,2015-02-09",国语,漫漫人生路,44.4M,钟镇涛 - 漫漫人生路.wav
选自专辑《情变》,钟镇涛,810Kbps,2014-01-26,pbvn,http://pan.baidu.com/s/1sjLMjF3,ape,"选自专辑《情变》,810Kbps,23.1M,粤语,2014-01-26",粤语,情变,23.1M,钟镇涛 - 情变.ape
选自专辑《B计划》,钟镇涛,824Kbps,2014-01-26,sxcm,http://pan.baidu.com/s/1o60n9u6,ape,"选自专辑《B计划》,824Kbps,33.4M,粤语,2014-01-26",粤语,烟花,33.4M,钟镇涛 - 烟花.ape
选自专辑《舍不得》,钟镇涛,1411Kbps,2015-02-28,6kpo,http://pan.baidu.com/s/1c0eu0uc,wav,"选自专辑《舍不得》,1411Kbps,49.9M,国语,2015-02-28",国语,舍不得,49.9M,钟镇涛 - 舍不得.wav
选自专辑《绊／夏夕空》,中孝介,800Kbps,2014-03-21,htcs,http://pan.baidu.com/s/1bnCf5yZ,flac,"选自专辑《绊／夏夕空》,800Kbps,27.6M,日语,2014-03-21",日语,夏夕空,27.6M,中孝介 - 夏夕空.flac
选自专辑《20世纪中感动全日本的歌曲》,中山美穂,926Kbps,2013-12-18,okbu,http://pan.baidu.com/s/1jGieVYm,ape,"选自专辑《20世纪中感动全日本的歌曲》,926Kbps,27.8M,日语,2013-12-18",日语,世界中の誰よりきっと,27.8M,中山美穂 - 世界中の誰よりきっと.ape
选自专辑《海角七号》,中孝介,523Kbps,2014-12-02,wjk1,http://pan.baidu.com/s/1i3BXLT7,ape,"选自专辑《海角七号》,523Kbps,13.4M,日语,2014-12-02",日语,各自远扬,13.4M,中孝介 - 各自远扬.ape
选自专辑《B计划》,钟镇涛,1411Kbps,2015-05-07,33gk,http://pan.baidu.com/s/1hqGOAzE,wav,"选自专辑《B计划》,1411Kbps,32.5M,粤语,2015-05-07",粤语,活在纪念中,32.5M,钟镇涛 - 活在纪念中.wav
选自专辑《海角七号》,中孝介,756Kbps,2015-01-03,jjxz,http://pan.baidu.com/s/1eQ7vcsy,flac,"选自专辑《海角七号》,756Kbps,28.5M,日语,2015-01-03",日语,野玫瑰,28.5M,中孝介 - 野玫瑰.flac
选自专辑《最动听的周启生》,周启生,858Kbps,2014-06-18,7492,http://pan.baidu.com/s/1bp3nwYV,ape,"选自专辑《最动听的周启生》,858Kbps,21.5M,粤语,2014-06-18",粤语,天长地久,21.5M,周启生 - 天长地久.ape
选自专辑《Once Upon A Time》,周启生,797Kbps,2015-08-08,pvdr,http://pan.baidu.com/s/1gdyFqJx,flac,"选自专辑《Once Upon A Time》,797Kbps,20.8M,粤语,2015-08-08",粤语,离乡别井,20.8M,周启生 - 离乡别井.flac
选自专辑《Love Love Love》,钟嘉欣,838Kbps,2014-01-17,2hks,http://pan.baidu.com/s/1bnitiCv,flac,"选自专辑《Love Love Love》,838Kbps,23.2M,粤语,2014-01-17",粤语,最幸福的事,23.2M,钟嘉欣 - 最幸福的事.flac
选自专辑《周启生1991》,周启生,1411Kbps,2015-10-06,2s57,http://pan.baidu.com/s/1ntu3ybR,wav,"选自专辑《周启生1991》,1411Kbps,41.7M,粤语,2015-10-06",粤语,太胡闹,41.7M,周启生 - 太胡闹.wav
选自专辑《美雪集-原曲流行极品》,中岛美雪,1411Kbps,2015-02-01,k3tv,http://pan.baidu.com/s/1ntl2Uhj,wav,"选自专辑《美雪集-原曲流行极品》,1411Kbps,634.6M,日语,2015-02-01",日语,专辑《美雪集-原曲流行极品》整轨无损,634.6M,中岛美雪 - 专辑《美雪集-原曲流行极品》整轨无损.wav
选自专辑《大吟醸》,中岛美雪,887Kbps,2015-09-19,wcja,http://pan.baidu.com/s/1bnCx1iJ,ape,"选自专辑《大吟醸》,887Kbps,44.6M,日语,2015-09-19",日语,ファイト!,44.6M,中岛美雪 - ファイト!.ape
选自专辑《恋文》,中岛美雪,1411Kbps,2015-05-21,f4ng,http://pan.baidu.com/s/1dDq6TDv,wav,"选自专辑《恋文》,1411Kbps,63.3M,日语,2015-05-21",日语,骑在银龙的背上,63.3M,中岛美雪 - 骑在银龙的背上.wav
选自专辑《当爱情经过的时候》,周艳泓,965Kbps,2014-02-09,dvy6,http://pan.baidu.com/s/1q2TYY,ape,"选自专辑《当爱情经过的时候》,965Kbps,28.5M,国语,2014-02-09",国语,春暖花开,28.5M,周艳泓 - 春暖花开.ape
选自专辑《短篇集》,中岛美雪,964Kbps,2015-07-01,ptm9,http://pan.baidu.com/s/1mgFx6mG,ape,"选自专辑《短篇集》,964Kbps,35.8M,日语,2015-07-01",日语,地上の星,35.8M,中岛美雪 - 地上の星.ape
选自专辑《予感》,中岛美雪,1411Kbps,2015-08-07,xy3b,http://pan.baidu.com/s/1nt5oAkp,wav,"选自专辑《予感》,1411Kbps,50.8M,日语,2015-08-07",日语,この世に二人だけ,50.8M,中岛美雪 - この世に二人だけ.wav
选自专辑《当爱情经过的时候》,周艳泓,940Kbps,2014-04-16,vwzb,http://pan.baidu.com/s/1kTFTkQb,ape,"选自专辑《当爱情经过的时候》,940Kbps,28.3M,国语,2014-04-16",国语,当爱情经过的时候,28.3M,周艳泓 - 当爱情经过的时候.ape
选自专辑《BEST COLLECTION Love Songs & Pop Songs》,中森明菜,858Kbps,2014-01-25,m9p8,http://pan.baidu.com/s/1i3uYixv,ape,"选自专辑《BEST COLLECTION Love Songs & Pop Songs》,858Kbps,27.1M,日语,2014-01-25",日语,難破船,27.1M,中森明菜 - 難破船.ape
选自专辑《我的心好累》,周艳泓,877Kbps,2014-05-26,mwex,http://pan.baidu.com/s/1o6hWGu2,ape,"选自专辑《我的心好累》,877Kbps,26.6M,国语,2014-05-26",国语,我的心好累,26.6M,周艳泓 - 我的心好累.ape
选自专辑《我的心好累》,周艳泓,880Kbps,2015-03-01,ldlu,http://pan.baidu.com/s/1o64y3Fk,ape,"选自专辑《我的心好累》,880Kbps,25.0M,国语,2015-03-01",国语,要嫁就嫁灰太狼,25.0M,周艳泓 - 要嫁就嫁灰太狼.ape
选自专辑《白骨精写给孙悟空的信》,周艳泓,940Kbps,2015-08-06,44nk,http://pan.baidu.com/s/1c04kSpy,flac,"选自专辑《白骨精写给孙悟空的信》,940Kbps,31.3M,国语,2015-08-06",国语,白骨精写给孙悟空的信,31.3M,周艳泓 - 白骨精写给孙悟空的信.flac
选自专辑《邻妹妹爱上假宝玉》,周艳泓,922Kbps,2015-08-09,fnj8,http://pan.baidu.com/s/1pJ3iKqv,flac,"选自专辑《邻妹妹爱上假宝玉》,922Kbps,23.9M,国语,2015-08-09",国语,邻妹妹爱上假宝玉,23.9M,周艳泓 - 邻妹妹爱上假宝玉.flac
选自专辑《白骨精写给孙悟空的信》,周艳泓,Kbps,2017-07-03,无,http://pan.baidu.com/s/1dFCJrDR,flac,"选自专辑《白骨精写给孙悟空的信》,Kbps,26.9M,国语,2017-07-03",国语,你走吧,26.9M,周艳泓 - 你走吧.flac
选自专辑《本体分裂》,周柏豪,847Kbps,2015-04-17,52tm,http://pan.baidu.com/s/1pJLZjFP,flac,"选自专辑《本体分裂》,847Kbps,33.3M,粤语,2015-04-17",粤语,黑,33.3M,周柏豪 - 黑.flac
选自专辑《飘》,钟镇涛,1411Kbps,2015-09-17,442h,http://pan.baidu.com/s/1kTJ8BXX,wav,"选自专辑《飘》,1411Kbps,53.0M,国语,2015-09-17",国语,我不是最伤心的人,53.0M,钟镇涛 - 我不是最伤心的人.wav
选自专辑《诗人与情人》,钟镇涛,1411Kbps,2015-09-22,vtwb,http://pan.baidu.com/s/1jG2FXzg,wav,"选自专辑《诗人与情人》,1411Kbps,46.0M,国语,2015-09-22",国语,欢乐与忧愁,46.0M,钟镇涛 - 欢乐与忧愁.wav
选自专辑《Get Well Soon》,周柏豪,931Kbps,2015-04-06,gqpw,http://pan.baidu.com/s/1hq5rXcC,flac,"选自专辑《Get Well Soon》,931Kbps,29.3M,粤语,2015-04-06",粤语,天光,29.3M,周柏豪 - 天光.flac
选自专辑《Follow》,周柏豪,821Kbps,2015-07-01,7qg3,http://pan.baidu.com/s/1jGrfaEa,flac,"选自专辑《Follow》,821Kbps,22.3M,粤语,2015-07-01",粤语,六天,22.3M,周柏豪 - 六天.flac
选自专辑《Follow》,周柏豪,850Kbps,2015-07-20,az6g,http://pan.baidu.com/s/1o6OieYQ,flac,"选自专辑《Follow》,850Kbps,24.3M,粤语,2015-07-20",粤语,宏愿,24.3M,周柏豪 - 宏愿.flac
选自专辑《Beginning》,周柏豪,1048Kbps,2015-06-30,gnp3,http://pan.baidu.com/s/1i3gXBUX,flac,"选自专辑《Beginning》,1048Kbps,27.5M,粤语,2015-06-30",粤语,同天空,27.5M,周柏豪 - 同天空.flac
选自专辑《Follow》,周柏豪,856Kbps,2015-09-19,ajix,http://pan.baidu.com/s/1o6mY7Bs,flac,"选自专辑《Follow》,856Kbps,24.7M,粤语,2015-09-19",粤语,傻小子,24.7M,周柏豪 - 傻小子.flac
选自专辑《不可能》,周柏豪,Kbps,2016-04-06,,http://pan.baidu.com/share/link?shareid=720407455&uk=4013188716,ape,"选自专辑《不可能》,Kbps,4.2MM,国语,2016-04-06",国语,不可能,4.2MM,周柏豪 - 不可能.ape
选自专辑《周迅》,周迅,915Kbps,2013-08-27,z78i,http://pan.baidu.com/s/1ntr2zYL,ape,"选自专辑《周迅》,915Kbps,27.3M,国语,2013-08-27",国语,飘摇,27.3M,周迅 - 飘摇.ape
选自专辑《如果·爱 电影原声》,周迅,710Kbps,2013-09-21,yvzt,http://pan.baidu.com/s/1o6maQq2,ape,"选自专辑《如果·爱 电影原声》,710Kbps,19.2M,国语,2013-09-21",国语,外面,19.2M,周迅 - 外面.ape
选自专辑《周国贤同名EP》,周国贤,791Kbps,2015-05-13,uc7c,http://pan.baidu.com/s/1bnHFbyB,ape,"选自专辑《周国贤同名EP》,791Kbps,18.4M,粤语,2015-05-13",粤语,目黑,18.4M,周国贤 - 目黑.ape
选自专辑《Implode》,周国贤,946Kbps,2015-05-29,eqrb,http://pan.baidu.com/s/1c0q9q3A,flac,"选自专辑《Implode》,946Kbps,29.3M,粤语,2015-05-29",粤语,有时,29.3M,周国贤 - 有时.flac
选自专辑《光》,周国贤,1025Kbps,2015-08-08,5rkh,http://pan.baidu.com/s/1jGlbYU6,flac,"选自专辑《光》,1025Kbps,32.6M,粤语,2015-08-08",粤语,极乐,32.6M,周国贤 - 极乐.flac
选自专辑《创世纪-电视原声大碟》,中村幸代,1411Kbps,2014-07-23,2z1n,http://pan.baidu.com/s/1dDpImGh,wav,"选自专辑《创世纪-电视原声大碟》,1411Kbps,662.0M,粤语,2014-07-23",粤语,专辑《创世纪-电视原声大碟》整轨无损,662.0M,中村幸代 - 专辑《创世纪-电视原声大碟》整轨无损.wav
选自专辑《中国好声音》,郑心慈,2304Kbps,2014-07-26,cmb6,http://pan.baidu.com/s/1bn3t7pP,wav,"选自专辑《中国好声音》,2304Kbps,64.3M,国语,2014-07-26",国语,火柴天堂,64.3M,郑心慈 - 火柴天堂.wav
选自专辑《中国好声音》,郑心慈,2304Kbps,2014-09-21,ymw8,http://pan.baidu.com/s/1sjyO5lj,wav,"选自专辑《中国好声音》,2304Kbps,72.0M,国语,2014-09-21",国语,外面的世界,72.0M,郑心慈 - 外面的世界.wav
选自专辑《中国好声音》,郑心慈,2304Kbps,2014-09-21,8bxj,http://pan.baidu.com/s/1dDcSuVB,wav,"选自专辑《中国好声音》,2304Kbps,35.5M,闽南语,2014-09-21",闽南语,身骑白马,35.5M,郑心慈 - 身骑白马.wav
选自专辑《七连滋养》,郑希怡,953Kbps,2015-07-01,ytgy,http://pan.baidu.com/s/1hqw8JTM,flac,"选自专辑《七连滋养》,953Kbps,26.9M,粤语,2015-07-01",粤语,相对湿度,26.9M,郑希怡 - 相对湿度.flac
选自专辑《七连滋养》,郑希怡,1029Kbps,2014-12-16,bs2x,http://pan.baidu.com/s/1dDxTgcT,flac,"选自专辑《七连滋养》,1029Kbps,26.8M,粤语,2014-12-16",粤语,舞吧! 舞吧!,26.8M,郑希怡 - 舞吧! 舞吧!.flac
选自专辑《Honey》,郑融,857Kbps,2014-09-17,cvp1,http://pan.baidu.com/s/1c06G4LU,ape,"选自专辑《Honey》,857Kbps,24.3M,国语,2014-09-17",国语,过马路,24.3M,郑融 - 过马路.ape
选自专辑《Honey》,郑融,875Kbps,2014-11-15,ajn4,http://pan.baidu.com/s/1i3oqOxZ,flac,"选自专辑《Honey》,875Kbps,24.5M,粤语,2014-11-15",粤语,红绿灯,24.5M,郑融 - 红绿灯.flac
选自专辑《23》,郑融,1411Kbps,2015-04-16,s4rh,http://pan.baidu.com/s/1sj4udwL,wav,"选自专辑《23》,1411Kbps,41.6M,粤语,2015-04-16",粤语,还,41.6M,郑融 - 还.wav
选自专辑《郑融精选》,郑融,800Kbps,2015-04-21,mpf2,http://pan.baidu.com/s/1dD4IIDb,ape,"选自专辑《郑融精选》,800Kbps,22.5M,粤语,2015-04-21",粤语,借,22.5M,郑融 - 借.ape
选自专辑《郑融精选》,郑融,1411Kbps,2015-05-03,55v4,http://pan.baidu.com/s/1hqxl84c,wav,"选自专辑《郑融精选》,1411Kbps,34.6M,粤语,2015-05-03",粤语,成人对待,34.6M,郑融 - 成人对待.wav
选自专辑《倚栏听风》,郑国锋,865Kbps,2015-07-01,p8q5,http://pan.baidu.com/s/1hqGR63y,flac,"选自专辑《倚栏听风》,865Kbps,22.9M,国语,2015-07-01",国语,倚栏听风,22.9M,郑国锋 - 倚栏听风.flac
选自专辑《C1own首张原创专辑》,郑国锋,728Kbps,2014-01-10,k541,http://pan.baidu.com/s/1ntz9DTR,ape,"选自专辑《C1own首张原创专辑》,728Kbps,14.3M,国语,2014-01-10",国语,潜意识失忆,14.3M,郑国锋 - 潜意识失忆.ape
选自专辑《爱情可遇不可求》,赵真,866Kbps,2015-07-01,x31v,http://pan.baidu.com/s/1o6IbrFO,flac,"选自专辑《爱情可遇不可求》,866Kbps,26.9M,国语,2015-07-01",国语,新咖啡眼泪,26.9M,赵真 - 新咖啡眼泪.flac
选自专辑《中国好声音3》,郑俊树,2304Kbps,2014-07-19,3iz9,http://pan.baidu.com/s/1o63CUYe,wav,"选自专辑《中国好声音3》,2304Kbps,53.2M,英语,2014-07-19",英语,You Raise Me Up,53.2M,郑俊树 - You Raise Me Up.wav
选自专辑《相见太晚精选辑》,赵咏华,939Kbps,2013-12-05,2iqq,http://pan.baidu.com/s/1bo6vha3,flac,"选自专辑《相见太晚精选辑》,939Kbps,44.8M,国语,2013-12-05",国语,最浪漫的事,44.8M,赵咏华 - 最浪漫的事.flac
选自专辑《倾城一笑》,郑国锋,Kbps,2017-07-03,无,http://pan.baidu.com/s/1capO2y,flac,"选自专辑《倾城一笑》,Kbps,26.6M,国语,2017-07-03",国语,倾城一笑,26.6M,郑国锋 - 倾城一笑.flac
选自专辑《爱情可遇不可求》,赵真,936Kbps,2014-04-14,gtr4,http://pan.baidu.com/s/1mgJoG5q,ape,"选自专辑《爱情可遇不可求》,936Kbps,26.1M,国语,2014-04-14",国语,朋友的心,26.1M,赵真 - 朋友的心.ape
选自专辑《多情的月光》,正月十五,960Kbps,2014-06-10,stai,http://pan.baidu.com/s/1jGyu82E,ape,"选自专辑《多情的月光》,960Kbps,31.7M,国语,2014-06-10",国语,多情的月光,31.7M,正月十五 - 多情的月光.ape
选自专辑《最美中国梦》,正月十五,1411Kbps,2015-07-01,k9i9,http://pan.baidu.com/s/1bnrtqIb,wav,"选自专辑《最美中国梦》,1411Kbps,47.9M,国语,2015-07-01",国语,爱你1314,47.9M,正月十五 - 爱你1314.wav
选自专辑《东方美》,赵媛,1411Kbps,2015-10-20,e15a,http://pan.baidu.com/s/1bUa1C,wav,"选自专辑《东方美》,1411Kbps,411.2M,国语,2015-10-20",国语,专辑《东方美》整轨无损,411.2M,赵媛 - 专辑《东方美》整轨无损.wav
选自专辑《最美中国梦》,正月十五,1411Kbps,2015-07-29,tgnc,http://pan.baidu.com/s/1bnygJVL,wav,"选自专辑《最美中国梦》,1411Kbps,38.0M,国语,2015-07-29",国语,站在高高的山岗上,38.0M,正月十五 - 站在高高的山岗上.wav
选自专辑《飞图20周年纪念精选大碟》,赵学而,845Kbps,2014-01-13,vvd1,http://pan.baidu.com/s/1qW9CY8c,ape,"选自专辑《飞图20周年纪念精选大碟》,845Kbps,26.7M,粤语,2014-01-13",粤语,寻开心,26.7M,赵学而 - 寻开心.ape
选自专辑《听听》,赵学而,638Kbps,2015-03-18,qg33,http://pan.baidu.com/s/1kTMgiEz,ape,"选自专辑《听听》,638Kbps,199.9M,国语,2015-03-18",国语,专辑《听听》整轨无损,199.9M,赵学而 - 专辑《听听》整轨无损.ape
选自专辑《黑胶精选》,赵鹏,804Kbps,2014-04-05,w3jo,http://pan.baidu.com/s/1i3sWxI9,ape,"选自专辑《黑胶精选》,804Kbps,25.3M,国语,2014-04-05",国语,船歌,25.3M,赵鹏 - 船歌.ape
选自专辑《问心无愧》,赵咏华,920Kbps,2014-08-15,pj34,http://pan.baidu.com/s/1i3oUAOX,ape,"选自专辑《问心无愧》,920Kbps,31.9M,国语,2014-08-15",国语,求婚,31.9M,赵咏华 - 求婚.ape
选自专辑《一生守侯》,赵鹏,1411Kbps,2014-07-21,d28s,http://pan.baidu.com/s/1jGDU78i,wav,"选自专辑《一生守侯》,1411Kbps,50.8M,国语,2014-07-21",国语,独上西楼,50.8M,赵鹏 - 独上西楼.wav
选自专辑《人声低音炮 闪亮的日子》,赵鹏,1411Kbps,2014-10-19,ydye,http://pan.baidu.com/s/1ntp3XGX,wav,"选自专辑《人声低音炮 闪亮的日子》,1411Kbps,420.6M,国语,2014-10-19",国语,专辑《人声低音炮 闪亮的日子》整轨无损,420.6M,赵鹏 - 专辑《人声低音炮 闪亮的日子》整轨无损.wav
选自专辑《低音炮3套车》,赵鹏,901Kbps,2014-12-06,giov,http://pan.baidu.com/s/1mgza564,ape,"选自专辑《低音炮3套车》,901Kbps,28.0M,国语,2014-12-06",国语,卜奎大街,28.0M,赵鹏 - 卜奎大街.ape
选自专辑《低音炮3套车》,赵鹏,1411Kbps,2015-03-15,im6g,http://pan.baidu.com/s/1gd8bdkB,wav,"选自专辑《低音炮3套车》,1411Kbps,44.0M,国语,2015-03-15",国语,三套车,44.0M,赵鹏 - 三套车.wav
选自专辑《低音风12级》,赵鹏,1411Kbps,2015-03-17,8fvi,http://pan.baidu.com/s/1dD1t7Gl,wav,"选自专辑《低音风12级》,1411Kbps,509.0M,国语,2015-03-17",国语,专辑《低音风12级》整轨无损,509.0M,赵鹏 - 专辑《低音风12级》整轨无损.wav
选自专辑《涂鸦低音炮》,赵鹏,1411Kbps,2015-04-30,rq9x,http://pan.baidu.com/s/1dD92PNV,wav,"选自专辑《涂鸦低音炮》,1411Kbps,529.9M,国语,2015-04-30",国语,专辑《涂鸦低音炮》整轨无损,529.9M,赵鹏 - 专辑《涂鸦低音炮》整轨无损.wav
选自专辑《我的神话》,赵鹏,Kbps,2017-05-03,无,http://pan.baidu.com/s/1cpLDEY,ape,"选自专辑《我的神话》,Kbps,78.5M,国语,2017-05-03",国语,小妹,78.5M,赵鹏 - 小妹.ape
选自专辑《我的神话》,赵鹏,Kbps,2017-05-03,无,http://pan.baidu.com/s/1boQHgKZ,ape,"选自专辑《我的神话》,Kbps,92.8M,国语,2017-05-03",国语,北风是你最后给我的拥抱,92.8M,赵鹏 - 北风是你最后给我的拥抱.ape
选自专辑《我的神话》,赵鹏,Kbps,2017-05-03,无,http://pan.baidu.com/s/1skRA9Y1,ape,"选自专辑《我的神话》,Kbps,60.7M,国语,2017-05-03",国语,一声朋友,60.7M,赵鹏 - 一声朋友.ape
选自专辑《我的神话》,赵鹏,Kbps,2017-05-03,无,http://pan.baidu.com/s/1eS5mAJ4,ape,"选自专辑《我的神话》,Kbps,56.3M,国语,2017-05-03",国语,早春,56.3M,赵鹏 - 早春.ape
选自专辑《我的神话》,赵鹏,Kbps,2017-05-03,无,http://pan.baidu.com/s/1jHNLf62,ape,"选自专辑《我的神话》,Kbps,76.9M,国语,2017-05-03",国语,你的外套,76.9M,赵鹏 - 你的外套.ape
选自专辑《我的神话》,赵鹏,Kbps,2017-05-03,无,http://pan.baidu.com/s/1eR6YlLS,ape,"选自专辑《我的神话》,Kbps,58.2M,国语,2017-05-03",国语,三生缘,58.2M,赵鹏 - 三生缘.ape
选自专辑《我的神话》,赵鹏,Kbps,2017-05-03,无,http://pan.baidu.com/s/1kVBNU6r,ape,"选自专辑《我的神话》,Kbps,61.5M,国语,2017-05-03",国语,摇啊摇 摇到外婆桥,61.5M,赵鹏 - 摇啊摇 摇到外婆桥.ape
选自专辑《第五期 导师收歌》,赵照,645Kbps,2014-03-12,4ix5,http://pan.baidu.com/s/1gduw2VD,ape,"选自专辑《第五期 导师收歌》,645Kbps,14.2M,国语,2014-03-12",国语,当你老了,14.2M,赵照 - 当你老了.ape
选自专辑《我的神话》,赵鹏,Kbps,2017-05-03,无,http://pan.baidu.com/s/1c19ekTy,ape,"选自专辑《我的神话》,Kbps,68.2M,国语,2017-05-03",国语,透明,68.2M,赵鹏 - 透明.ape
选自专辑《我的神话》,赵鹏,Kbps,2017-05-03,无,http://pan.baidu.com/s/1eStHn5C,ape,"选自专辑《我的神话》,Kbps,62.8M,国语,2017-05-03",国语,昙花痛,62.8M,赵鹏 - 昙花痛.ape
选自专辑《大经厂》,赵照,1411Kbps,2015-09-04,gakv,http://pan.baidu.com/s/1o6xgZfO,wav,"选自专辑《大经厂》,1411Kbps,408.7M,国语,2015-09-04",国语,专辑《大经厂》整轨无损,408.7M,赵照 - 专辑《大经厂》整轨无损.wav
选自专辑《低音共鸣》,赵鹏,Kbps,2017-05-03,无,http://pan.baidu.com/s/1nuY4rVz,wav,"选自专辑《低音共鸣》,Kbps,46.1M,国语,2017-05-03",国语,北国之春,46.1M,赵鹏 - 北国之春.wav
选自专辑《中国好声音》,赵祺,2304Kbps,2014-08-02,b5ja,http://pan.baidu.com/s/1jGwZNfS,wav,"选自专辑《中国好声音》,2304Kbps,56.3M,英语,2014-08-02",英语,You Are So Beautiful,56.3M,赵祺 - You Are So Beautiful.wav
选自专辑《我的神话》,赵鹏,Kbps,2017-05-03,无,http://pan.baidu.com/s/1nvz8AWL,ape,"选自专辑《我的神话》,Kbps,60.6M,国语,2017-05-03",国语,温柔分手,60.6M,赵鹏 - 温柔分手.ape
选自专辑《人声低音共鸣》,赵鹏,Kbps,2017-05-03,无,http://pan.baidu.com/s/1mimJ0Dy,wav,"选自专辑《人声低音共鸣》,Kbps,43.8M,国语,2017-05-03",国语,被遗忘的时光,43.8M,赵鹏 - 被遗忘的时光.wav
选自专辑《惠威高低音试音碟》,赵鹏,Kbps,2017-05-03,无,http://pan.baidu.com/s/1kV6yrFx,ape,"选自专辑《惠威高低音试音碟》,Kbps,44.6M,国语,2017-05-03",国语,船歌,44.6M,赵鹏 - 船歌.ape
选自专辑《一生守侯》,赵鹏,Kbps,2017-05-03,无,http://pan.baidu.com/s/1kVxAP3h,wav,"选自专辑《一生守侯》,Kbps,37.5M,国语,2017-05-03",国语,喀秋莎,37.5M,赵鹏 - 喀秋莎.wav
选自专辑《闪亮的日子》,赵鹏,Kbps,2017-05-03,无,http://pan.baidu.com/s/1dE5ExI5,wav,"选自专辑《闪亮的日子》,Kbps,43.8M,国语,2017-05-03",国语,绿岛小夜曲,43.8M,赵鹏 - 绿岛小夜曲.wav
选自专辑《低音炮3套车》,赵鹏,Kbps,2017-05-03,无,http://pan.baidu.com/s/1qYCtKk8,wav,"选自专辑《低音炮3套车》,Kbps,45.3M,国语,2017-05-03",国语,那一天,45.3M,赵鹏 - 那一天.wav
选自专辑《再低音一次》,赵鹏,Kbps,2017-05-03,无,http://pan.baidu.com/s/1c2szxuC,wav,"选自专辑《再低音一次》,Kbps,49.2M,国语,2017-05-03",国语,情人的眼泪,49.2M,赵鹏 - 情人的眼泪.wav
选自专辑《闪亮的日子》,赵鹏,Kbps,2017-05-03,无,http://pan.baidu.com/s/1dFEceZ3,wav,"选自专辑《闪亮的日子》,Kbps,46.4M,国语,2017-05-03",国语,请跟我来,46.4M,赵鹏 - 请跟我来.wav
选自专辑《低音炮3套车》,赵鹏,Kbps,2017-05-03,无,http://pan.baidu.com/s/1ge8sgoF,wav,"选自专辑《低音炮3套车》,Kbps,52.5M,国语,2017-05-03",国语,三百六十五里路,52.5M,赵鹏 - 三百六十五里路.wav
选自专辑《低音王朝I 你的眼神》,赵鹏,Kbps,2017-05-03,无,http://pan.baidu.com/s/1hs641bI,wav,"选自专辑《低音王朝I 你的眼神》,Kbps,35.7M,国语,2017-05-03",国语,莫斯科郊外的晚上,35.7M,赵鹏 - 莫斯科郊外的晚上.wav
选自专辑《闪亮的日子》,赵鹏,Kbps,2017-05-03,无,http://pan.baidu.com/s/1i5uXfEl,wav,"选自专辑《闪亮的日子》,Kbps,43.2M,国语,2017-05-03",国语,味道,43.2M,赵鹏 - 味道.wav
选自专辑《闪亮的日子》,赵鹏,Kbps,2017-05-03,无,http://pan.baidu.com/s/1kUNJd6v,wav,"选自专辑《闪亮的日子》,Kbps,35.8M,国语,2017-05-03",国语,夜上海,35.8M,赵鹏 - 夜上海.wav
选自专辑《低音炮3套车》,赵鹏,Kbps,2017-05-03,无,http://pan.baidu.com/s/1miyUFXm,wav,"选自专辑《低音炮3套车》,Kbps,44M,国语,2017-05-03",国语,三套车(俄罗斯民歌),44M,赵鹏 - 三套车(俄罗斯民歌).wav
选自专辑《惠威试音碟人声》,赵鹏,Kbps,2017-05-03,无,http://pan.baidu.com/s/1hrCZLSo,wav,"选自专辑《惠威试音碟人声》,Kbps,47.6M,国语,2017-05-03",国语,月亮代表我的心,47.6M,赵鹏 - 月亮代表我的心.wav
选自专辑《涂鸦低音炮黑胶精选》,赵鹏,Kbps,2017-05-03,无,http://pan.baidu.com/s/1kUXm1LX,wav,"选自专辑《涂鸦低音炮黑胶精选》,Kbps,51.1M,国语,2017-05-03",国语,再回首,51.1M,赵鹏 - 再回首.wav
选自专辑《低音王朝I 你的眼神》,赵鹏,Kbps,2017-05-03,无,http://pan.baidu.com/s/1caS9Dc,wav,"选自专辑《低音王朝I 你的眼神》,Kbps,49.9M,国语,2017-05-03",国语,张三的歌,49.9M,赵鹏 - 张三的歌.wav
选自专辑《低音共鸣》,赵鹏,Kbps,2017-05-03,无,http://pan.baidu.com/s/1i5aEtWp,wav,"选自专辑《低音共鸣》,Kbps,41.8M,国语,2017-05-03",国语,爱的箴言,41.8M,赵鹏 - 爱的箴言.wav
选自专辑《再低音一次》,赵鹏,Kbps,2017-05-03,无,http://pan.baidu.com/s/1eSFvXZW,wav,"选自专辑《再低音一次》,Kbps,48.4M,国语,2017-05-03",国语,把悲伤留给自己,48.4M,赵鹏 - 把悲伤留给自己.wav
选自专辑《月光森林》,赵鹏,Kbps,2017-05-03,无,http://pan.baidu.com/s/1eSorCqu,wav,"选自专辑《月光森林》,Kbps,54.9M,国语,2017-05-03",国语,不了情,54.9M,赵鹏 - 不了情.wav
选自专辑《低音风12级》,赵鹏,Kbps,2017-05-03,无,http://pan.baidu.com/s/1hrTUIA4,ape,"选自专辑《低音风12级》,Kbps,50.6M,国语,2017-05-03",国语,当我想你的时候,50.6M,赵鹏 - 当我想你的时候.ape
选自专辑《民歌蔡琴》,赵鹏,Kbps,2017-05-03,无,http://pan.baidu.com/s/1c12Y8fe,wav,"选自专辑《民歌蔡琴》,Kbps,48.9M,国语,2017-05-03",国语,渡口,48.9M,赵鹏 - 渡口.wav
选自专辑《人声低音共鸣》,赵鹏,Kbps,2017-05-03,无,http://pan.baidu.com/s/1cAe3EY,wav,"选自专辑《人声低音共鸣》,Kbps,44.7M,国语,2017-05-03",国语,老情人,44.7M,赵鹏 - 老情人.wav
选自专辑《人声低音共鸣》,赵鹏,Kbps,2017-05-03,无,http://pan.baidu.com/s/1jIkLE4Y,wav,"选自专辑《人声低音共鸣》,Kbps,53.4M,国语,2017-05-03",国语,明月千里寄相思,53.4M,赵鹏 - 明月千里寄相思.wav
选自专辑《人声低音共鸣》,赵鹏,Kbps,2017-05-03,无,http://pan.baidu.com/s/1c2CcnGc,wav,"选自专辑《人声低音共鸣》,Kbps,36.8M,国语,2017-05-03",国语,你的眼神,36.8M,赵鹏 - 你的眼神.wav
选自专辑《人声低音共鸣》,赵鹏,Kbps,2017-05-03,无,http://pan.baidu.com/s/1hsOfrdq,wav,"选自专辑《人声低音共鸣》,Kbps,52.2M,国语,2017-05-03",国语,女人花,52.2M,赵鹏 - 女人花.wav
选自专辑《人声低音共鸣》,赵鹏,Kbps,2017-05-03,无,http://pan.baidu.com/s/1kV3G2mr,wav,"选自专辑《人声低音共鸣》,Kbps,36.2M,国语,2017-05-03",国语,其实你不懂我的心,36.2M,赵鹏 - 其实你不懂我的心.wav
选自专辑《月光森林》,赵鹏,Kbps,2017-05-03,无,http://pan.baidu.com/s/1pLueUwj,wav,"选自专辑《月光森林》,Kbps,32.8M,国语,2017-05-03",国语,青春舞曲,32.8M,赵鹏 - 青春舞曲.wav
选自专辑《人声低音共鸣》,赵鹏,Kbps,2017-05-04,无,http://pan.baidu.com/s/1dFvLpRV,wav,"选自专辑《人声低音共鸣》,Kbps,45.2M,国语,2017-05-04",国语,甜蜜蜜,45.2M,赵鹏 - 甜蜜蜜.wav
选自专辑《外婆的澎湖湾》,赵鹏,Kbps,2017-05-04,无,http://pan.baidu.com/s/1pKAJDpD,wav,"选自专辑《外婆的澎湖湾》,Kbps,40.1M,国语,2017-05-04",国语,外婆的澎湖湾,40.1M,赵鹏 - 外婆的澎湖湾.wav
选自专辑《人声低音共鸣》,赵鹏,Kbps,2017-05-04,无,http://pan.baidu.com/s/1geFJC6B,wav,"选自专辑《人声低音共鸣》,Kbps,39.8M,国语,2017-05-04",国语,相思河畔,39.8M,赵鹏 - 相思河畔.wav
选自专辑《王者无疆》,赵鹏,Kbps,2017-05-04,无,http://pan.baidu.com/s/1o7J9od8,wav,"选自专辑《王者无疆》,Kbps,54.8M,国语,2017-05-04",国语,想说爱你不容易,54.8M,赵鹏 - 想说爱你不容易.wav
选自专辑《小城故事》,赵鹏,Kbps,2017-05-04,无,http://pan.baidu.com/s/1pKQYKfL,wav,"选自专辑《小城故事》,Kbps,33.1M,国语,2017-05-04",国语,小城故事,33.1M,赵鹏 - 小城故事.wav
选自专辑《低音炮3套车》,赵鹏,Kbps,2017-05-04,无,http://pan.baidu.com/s/1jIwqWZG,wav,"选自专辑《低音炮3套车》,Kbps,40.1M,国语,2017-05-04",国语,海恋,40.1M,赵鹏 - 海恋.wav
选自专辑《低音王朝I 你的眼神》,赵鹏,Kbps,2017-05-04,无,http://pan.baidu.com/s/1qXELvPy,ape,"选自专辑《低音王朝I 你的眼神》,Kbps,49.6M,国语,2017-05-04",国语,鸿雁,49.6M,赵鹏 - 鸿雁.ape
选自专辑《人声低音共鸣》,赵鹏,Kbps,2017-05-04,无,http://pan.baidu.com/s/1slVoBu9,wav,"选自专辑《人声低音共鸣》,Kbps,48.2M,国语,2017-05-04",国语,几多愁,48.2M,赵鹏 - 几多愁.wav
选自专辑《人声低音共鸣》,赵鹏,Kbps,2017-05-04,无,http://pan.baidu.com/s/1jIqRv3w,wav,"选自专辑《人声低音共鸣》,Kbps,41.1M,国语,2017-05-04",国语,假如我是真的,41.1M,赵鹏 - 假如我是真的.wav
选自专辑《低音共鸣》,赵鹏,Kbps,2017-05-04,无,http://pan.baidu.com/s/1bE7YAa,wav,"选自专辑《低音共鸣》,Kbps,47.1M,国语,2017-05-04",国语,落红泪,47.1M,赵鹏 - 落红泪.wav
选自专辑《低音炮3套车》,赵鹏,Kbps,2017-05-04,无,http://pan.baidu.com/s/1eRHhFdo,wav,"选自专辑《低音炮3套车》,Kbps,48.5M,国语,2017-05-04",国语,踏浪,48.5M,赵鹏 - 踏浪.wav
选自专辑《乌兰巴托的夜晚》,赵鹏,Kbps,2017-05-04,无,http://pan.baidu.com/s/1i51IGEL,wav,"选自专辑《乌兰巴托的夜晚》,Kbps,M,国语,2017-05-04",国语,乌兰巴托的夜晚,,赵鹏 - 乌兰巴托的夜晚.wav
选自专辑《王者无疆》,赵鹏,Kbps,2017-05-04,无,http://pan.baidu.com/s/1geLj0gb,wav,"选自专辑《王者无疆》,Kbps,45.9M,国语,2017-05-04",国语,野花,45.9M,赵鹏 - 野花.wav
选自专辑《月光森林》,赵鹏,Kbps,2017-05-04,无,http://pan.baidu.com/s/1eSwzleE,wav,"选自专辑《月光森林》,Kbps,51.5M,国语,2017-05-04",国语,夜色如水,51.5M,赵鹏 - 夜色如水.wav
选自专辑《一生守侯》,赵鹏,Kbps,2017-05-04,无,http://pan.baidu.com/s/1eSd2teM,wav,"选自专辑《一生守侯》,Kbps,61.1M,国语,2017-05-04",国语,一生守候,61.1M,赵鹏 - 一生守候.wav
选自专辑《月光森林》,赵鹏,Kbps,2017-05-04,无,http://pan.baidu.com/s/1jIsnr4U,wav,"选自专辑《月光森林》,Kbps,42.1M,国语,2017-05-04",国语,月光森林,42.1M,赵鹏 - 月光森林.wav
选自专辑《再低音一次》,赵鹏,Kbps,2017-05-04,无,http://pan.baidu.com/s/1skJ3emL,wav,"选自专辑《再低音一次》,Kbps,47.5M,国语,2017-05-04",国语,殇,47.5M,赵鹏 - 殇.wav
选自专辑《低音炮3套车》,赵鹏,Kbps,2017-06-21,无,http://pan.baidu.com/s/1c180J1A,flac,"选自专辑《低音炮3套车》,Kbps,26.4M,国语,2017-06-21",国语,春天里,26.4M,赵鹏 - 春天里.flac
选自专辑《低音炮3套车》,赵鹏,Kbps,2017-06-21,无,http://pan.baidu.com/s/1gfsvOmn,flac,"选自专辑《低音炮3套车》,Kbps,26.1M,国语,2017-06-21",国语,花房姑娘,26.1M,赵鹏 - 花房姑娘.flac
选自专辑《低音共鸣》,赵鹏,Kbps,2017-06-21,无,http://pan.baidu.com/s/1hrZwUag,flac,"选自专辑《低音共鸣》,Kbps,31.8M,国语,2017-06-21",国语,懂你,31.8M,赵鹏 - 懂你.flac
选自专辑《低音共鸣》,赵鹏,Kbps,2017-06-21,无,http://pan.baidu.com/s/1nvp1JDn,flac,"选自专辑《低音共鸣》,Kbps,26.9M,国语,2017-06-21",国语,童年,26.9M,赵鹏 - 童年.flac
选自专辑《低音共鸣》,赵鹏,Kbps,2017-06-21,无,http://pan.baidu.com/s/1c2mwpCc,flac,"选自专辑《低音共鸣》,Kbps,28.7M,粤语,2017-06-21",粤语,一场游戏一场梦,28.7M,赵鹏 - 一场游戏一场梦.flac
选自专辑《情深深雨蒙蒙》,赵薇,1411Kbps,2015-02-16,7ex7,http://pan.baidu.com/s/1hqJ33zm,wav,"选自专辑《情深深雨蒙蒙》,1411Kbps,60.4M,国语,2015-02-16",国语,离别的车站,60.4M,赵薇 - 离别的车站.wav
选自专辑《双》,赵薇,1411Kbps,2015-08-07,cjhi,http://pan.baidu.com/s/1eQrVCEA,wav,"选自专辑《双》,1411Kbps,43.6M,国语,2015-08-07",国语,我和上官燕,43.6M,赵薇 - 我和上官燕.wav
选自专辑《还珠格格 音乐全记录》,赵薇,926Kbps,2014-05-21,ikyd,http://pan.baidu.com/s/1vmIQy,ape,"选自专辑《还珠格格 音乐全记录》,926Kbps,22.4M,国语,2014-05-21",国语,自从有了你,22.4M,赵薇 - 自从有了你.ape
选自专辑《双》,赵薇,1411Kbps,2015-10-20,5fb8,http://pan.baidu.com/s/1mg8dFle,wav,"选自专辑《双》,1411Kbps,52.4M,国语,2015-10-20",国语,发现,52.4M,赵薇 - 发现.wav
选自专辑《左耳》,赵薇,Kbps,2016-05-06,urg4,http://pan.baidu.com/s/1i50drG5,flac,"选自专辑《左耳》,Kbps,19.18MBM,国语,2016-05-06",国语,左耳,19.18MBM,赵薇 - 左耳.flac
选自专辑《情深深雨濛濛音乐全记录》,赵薇,1411Kbps,2015-06-30,73py,http://pan.baidu.com/s/1i32Cu1Z,wav,"选自专辑《情深深雨濛濛音乐全记录》,1411Kbps,47.6M,国语,2015-06-30",国语,情深深雨蒙蒙,47.6M,赵薇 - 情深深雨蒙蒙.wav
选自专辑《飞图20周年纪念精选大碟》,赵学而,1411Kbps,2015-06-09,ex4q,http://pan.baidu.com/s/1hq3sQAo,wav,"选自专辑《飞图20周年纪念精选大碟》,1411Kbps,39.5M,粤语,2015-06-09",粤语,我恨我是女人,39.5M,赵学而 - 我恨我是女人.wav
选自专辑《飘》,赵薇,Kbps,2016-05-09,无,http://pan.baidu.com/share/link?shareid=49626003&uk=3797276610,flac,"选自专辑《飘》,Kbps,26.4M,国语,2016-05-09",国语,一直下雨的星期天,26.4M,赵薇 - 一直下雨的星期天.flac
选自专辑《Swallow》,赵薇,Kbps,2016-05-09,krhv,http://pan.baidu.com/s/1pLrdQzT,wav,"选自专辑《Swallow》,Kbps,36M,国语,2016-05-09",国语,有一个姑娘,36M,赵薇 - 有一个姑娘.wav
选自专辑《Swallow小燕子》,赵薇,Kbps,2016-05-09,无,http://pan.baidu.com/share/link?shareid=3470191931&uk=20177646&fid=460044762678454,flac,"选自专辑《Swallow小燕子》,Kbps,308M,国语,2016-05-09",国语,Swallow,308M,赵薇 - Swallow.flac
选自专辑《SWALLOW 小燕子》,赵薇,Kbps,2016-05-09,无,http://pan.baidu.com/share/link?shareid=1446958174&uk=3679924179&fid=439184655097945,wav,"选自专辑《SWALLOW 小燕子》,Kbps,34.7M,国语,2016-05-09",国语,自从有了你,34.7M,赵薇 - 自从有了你.wav
选自专辑《双》,赵薇,Kbps,2016-05-09,无,http://pan.baidu.com/share/link?shareid=3470191931&uk=20177646&fid=460044762678454,flac,"选自专辑《双》,Kbps,301M,国语,2016-05-09",国语,《双》专辑,301M,赵薇 - 《双》专辑.flac
选自专辑《天使旅行箱》,赵薇,Kbps,2016-05-09,无,http://pan.baidu.com/share/link?shareid=3476286426&uk=20177646&fid=59591219749410,ape,"选自专辑《天使旅行箱》,Kbps,260M,国语,2016-05-09",国语,天使旅行箱专辑,260M,赵薇 - 天使旅行箱专辑.ape
选自专辑《天使旅行箱》,赵薇,Kbps,2016-05-10,无,http://pan.baidu.com/share/link?shareid=1259324639&uk=3325825116&fid=414443616145512,ape,"选自专辑《天使旅行箱》,Kbps,23.3M,国语,2016-05-10",国语,大城小恋,23.3M,赵薇 - 大城小恋.ape
选自专辑《最后一次分手》,赵薇,Kbps,2016-05-09,无,http://pan.baidu.com/share/link?shareid=3479266567&uk=20177646&fid=1011445873298037,ape,"选自专辑《最后一次分手》,Kbps,373.4M,国语,2016-05-09",国语,最后一次分手,373.4M,赵薇 - 最后一次分手.ape
选自专辑《情深深雨蒙蒙》,赵薇,Kbps,2016-05-09,无,http://pan.baidu.com/share/link?shareid=3920425637&uk=2149313098&fid=492404646989184,flac,"选自专辑《情深深雨蒙蒙》,Kbps,30.2M,国语,2016-05-09",国语,情深深雨蒙蒙,30.2M,赵薇 - 情深深雨蒙蒙.flac
选自专辑《天使旅行箱》,赵薇,Kbps,2016-05-10,无,http://pan.baidu.com/share/link?shareid=1259324639&uk=3325825116&fid=855247654847495,ape,"选自专辑《天使旅行箱》,Kbps,24.8M,国语,2016-05-10",国语,天使旅行箱,24.8M,赵薇 - 天使旅行箱.ape
选自专辑《天使旅行箱》,赵薇,Kbps,2016-05-10,无,http://pan.baidu.com/share/link?shareid=1259324639&uk=3325825116&fid=861659561002658,ape,"选自专辑《天使旅行箱》,Kbps,25.9M,国语,2016-05-10",国语,蝶,25.9M,赵薇 - 蝶.ape
选自专辑《天使旅行箱》,赵薇,Kbps,2016-05-10,无,http://pan.baidu.com/share/link?shareid=1259324639&uk=3325825116&fid=953853530757797,ape,"选自专辑《天使旅行箱》,Kbps,29.8M,英语,2016-05-10",英语,Morning Love,29.8M,赵薇 - Morning Love.ape
选自专辑《天使旅行箱》,赵薇,Kbps,2016-05-10,无,http://pan.baidu.com/s/1i5EWGgH,ape,"选自专辑《天使旅行箱》,Kbps,29.9M,国语,2016-05-10",国语,旧玩具,29.9M,赵薇 - 旧玩具.ape
选自专辑《天使旅行箱》,赵薇,Kbps,2016-05-10,无,http://pan.baidu.com/s/1jIjM4vW,ape,"选自专辑《天使旅行箱》,Kbps,24.6M,国语,2016-05-10",国语,多爱自己一些,24.6M,赵薇 - 多爱自己一些.ape
选自专辑《天使旅行箱》,赵薇,Kbps,2016-05-10,无,http://pan.baidu.com/s/1c20TF7i,ape,"选自专辑《天使旅行箱》,Kbps,26.6M,国语,2016-05-10",国语,恰恰爱,26.6M,赵薇 - 恰恰爱.ape
选自专辑《天使旅行箱》,赵薇,Kbps,2016-05-10,无,http://pan.baidu.com/s/1dE7xa8L,ape,"选自专辑《天使旅行箱》,Kbps,23M,国语,2016-05-10",国语,小蜜蜂,23M,赵薇 - 小蜜蜂.ape
选自专辑《天使旅行箱》,赵薇,Kbps,2016-05-10,无,http://pan.baidu.com/s/1bo8Nbkj,ape,"选自专辑《天使旅行箱》,Kbps,24.3M,国语,2016-05-10",国语,树叶的崇拜,24.3M,赵薇 - 树叶的崇拜.ape
选自专辑《恶作剧2吻 (湘琴版)》,赵咏华,873Kbps,2014-08-26,utpl,http://pan.baidu.com/s/1mgkLc0o,ape,"选自专辑《恶作剧2吻 (湘琴版)》,873Kbps,21.2M,国语,2014-08-26",国语,藏在微笑里的秘密,21.2M,赵咏华 - 藏在微笑里的秘密.ape
选自专辑《滚石香港黄金十年系列-赵咏华精选》,赵咏华,846Kbps,2015-03-14,mrg7,http://pan.baidu.com/s/1nt7iMxF,ape,"选自专辑《滚石香港黄金十年系列-赵咏华精选》,846Kbps,442.2M,国语,2015-03-14",国语,专辑《滚石香港黄金十年系列-赵咏华精选》整轨无损,442.2M,赵咏华 - 专辑《滚石香港黄金十年系列-赵咏华精选》整轨无损.ape
选自专辑《风的颜色》,赵咏华,781Kbps,2015-06-11,4kqp,http://pan.baidu.com/s/1ntiQcXj,flac,"选自专辑《风的颜色》,781Kbps,34.2M,国语,2015-06-11",国语,风的颜色,34.2M,赵咏华 - 风的颜色.flac
选自专辑《相见太晚 新歌+精选辑》,赵咏华,1411Kbps,2015-06-30,b333,http://pan.baidu.com/s/1mgnDhGG,wav,"选自专辑《相见太晚 新歌+精选辑》,1411Kbps,51.1M,国语,2015-06-30",国语,听我唱这首歌,51.1M,赵咏华 - 听我唱这首歌.wav
选自专辑《拥华》,赵咏华,1411Kbps,2015-07-29,s8ng,http://pan.baidu.com/s/1bnbgh2J,wav,"选自专辑《拥华》,1411Kbps,59.9M,国语,2015-07-29",国语,像我这样的女人,59.9M,赵咏华 - 像我这样的女人.wav
选自专辑《相见太晚》,赵咏华,798Kbps,2014-08-15,vbw8,http://pan.baidu.com/s/1i39TuOd,ape,"选自专辑《相见太晚》,798Kbps,30.7M,国语,2014-08-15",国语,相见太晚,30.7M,赵咏华 - 相见太晚.ape
选自专辑《如果寂寞了》,郑晓填,1061Kbps,2015-05-04,73ht,http://pan.baidu.com/s/1o65MVGY,flac,"选自专辑《如果寂寞了》,1061Kbps,26.2M,国语,2015-05-04",国语,如果寂寞了,26.2M,郑晓填 - 如果寂寞了.flac
选自专辑《20世纪中华歌坛名人百集珍藏版》,郑绪岚,796Kbps,2014-09-16,v3gx,http://pan.baidu.com/s/1dD3prtn,ape,"选自专辑《20世纪中华歌坛名人百集珍藏版》,796Kbps,23.8M,国语,2014-09-16",国语,牧羊曲,23.8M,郑绪岚 - 牧羊曲.ape
选自专辑《70年代火红的年代经典全记录》,郑绪岚,960Kbps,2015-02-17,4qau,http://pan.baidu.com/s/1pJqOT8B,flac,"选自专辑《70年代火红的年代经典全记录》,960Kbps,20.8M,国语,2015-02-17",国语,太阳岛上,20.8M,郑绪岚 - 太阳岛上.flac
选自专辑《齐天大盛》,至上励合,1411Kbps,2015-02-04,2xhw,http://pan.baidu.com/s/1qWp0Dgo,wav,"选自专辑《齐天大盛》,1411Kbps,42.3M,国语,2015-02-04",国语,再见了我的爱,42.3M,至上励合 - 再见了我的爱.wav
选自专辑《4OUR MEN》,至上励合,1060Kbps,2015-07-01,cs54,http://pan.baidu.com/s/18Wtgq,ape,"选自专辑《4OUR MEN》,1060Kbps,30.6M,国语,2015-07-01",国语,鸭梨大,30.6M,至上励合 - 鸭梨大.ape
选自专辑《中国歌唱家系列之牧羊曲》,郑绪岚,776Kbps,2015-08-07,jy1r,http://pan.baidu.com/s/1e6CI6,flac,"选自专辑《中国歌唱家系列之牧羊曲》,776Kbps,17.8M,国语,2015-08-07",国语,飞吧鸽子,17.8M,郑绪岚 - 飞吧鸽子.flac
选自专辑《齐天大盛》,至上励合,940Kbps,2014-05-12,3599,http://pan.baidu.com/s/1o6v4bl4,ape,"选自专辑《齐天大盛》,940Kbps,25.8M,国语,2014-05-12",国语,繁星,25.8M,至上励合 - 繁星.ape
选自专辑《降临》,至上励合,928Kbps,2014-07-02,xg67,http://pan.baidu.com/s/1mgqj0Be,ape,"选自专辑《降临》,928Kbps,25.3M,国语,2014-07-02",国语,棉花糖,25.3M,至上励合 - 棉花糖.ape
选自专辑《赵小雷》,赵雷,1411Kbps,2014-01-02,r1h9,http://pan.baidu.com/s/1sjuHRGD,wav,"选自专辑《赵小雷》,1411Kbps,55.6M,国语,2014-01-02",国语,南方姑娘,55.6M,赵雷 - 南方姑娘.wav
选自专辑《中国好歌曲 第四期》,赵雷,786Kbps,2014-02-10,8ijv,http://pan.baidu.com/s/1ntqMzX3,ape,"选自专辑《中国好歌曲 第四期》,786Kbps,17.2M,国语,2014-02-10",国语,画,17.2M,赵雷 - 画.ape
选自专辑《赵小雷》,赵雷,1411Kbps,2015-01-19,kxd2,http://pan.baidu.com/s/1pJv7OCV,wav,"选自专辑《赵小雷》,1411Kbps,463.7M,国语,2015-01-19",国语,专辑《赵小雷》整轨无损,463.7M,赵雷 - 专辑《赵小雷》整轨无损.wav
选自专辑《爱一点》,章子怡,1411Kbps,2014-04-07,fy7a,http://pan.baidu.com/s/1c0ktfW0,wav,"选自专辑《爱一点》,1411Kbps,51.6M,国语,2014-04-07",国语,爱一点,51.6M,章子怡 - 爱一点.wav
选自专辑《失恋十四行》,张真,922Kbps,2013-12-07,lhfx,http://pan.baidu.com/s/1bncn8w3,flac,"选自专辑《失恋十四行》,922Kbps,24.7M,国语,2013-12-07",国语,我被青春撞了一下腰,24.7M,张真 - 我被青春撞了一下腰.flac
选自专辑《吉姆餐厅》,赵雷,768Kbps,2015-02-08,p7nh,http://pan.baidu.com/s/1qWkHbAk,flac,"选自专辑《吉姆餐厅》,768Kbps,33.9M,国语,2015-02-08",国语,小屋,33.9M,赵雷 - 小屋.flac
选自专辑《中国好声音》,张卓含威,2304Kbps,2014-09-21,oacy,http://pan.baidu.com/s/1jG86m2a,wav,"选自专辑《中国好声音》,2304Kbps,55.9M,国语,2014-09-21",国语,爱,55.9M,张卓含威 - 爱.wav
选自专辑《中国好声音》,张卓含威,2304Kbps,2014-08-22,onwd,http://pan.baidu.com/s/1bnzWuV9,wav,"选自专辑《中国好声音》,2304Kbps,45.6M,国语,2014-08-22",国语,笨小孩,45.6M,张卓含威 - 笨小孩.wav
选自专辑《十指紧扣》,张智霖,851Kbps,2014-01-23,hft3,http://pan.baidu.com/s/1sjk81bf,ape,"选自专辑《十指紧扣》,851Kbps,24.7M,粤语,2014-01-23",粤语,十指紧扣,24.7M,张智霖 - 十指紧扣.ape
选自专辑《飞图20周年纪念精选大碟》,张智霖,932Kbps,2014-03-08,o68s,http://pan.baidu.com/s/1nt1BLrF,ape,"选自专辑《飞图20周年纪念精选大碟》,932Kbps,31.4M,粤语,2014-03-08",粤语,片片枫叶情,31.4M,张智霖 - 片片枫叶情.ape
选自专辑《爱上合唱》,张智霖,841Kbps,2014-07-04,dlce,http://pan.baidu.com/s/1B2BJC,ape,"选自专辑《爱上合唱》,841Kbps,28.1M,粤语,2014-07-04",粤语,现代爱情故事,28.1M,张智霖 - 现代爱情故事.ape
选自专辑《相反的我》,张芸京,996Kbps,2014-05-17,l4wg,http://pan.baidu.com/s/1kToi8ZH,ape,"选自专辑《相反的我》,996Kbps,33.9M,国语,2014-05-17",国语,相反的我,33.9M,张芸京 - 相反的我.ape
选自专辑《雪碧音碰音明星榜》,张芸京,948Kbps,2014-05-01,3m3l,http://pan.baidu.com/s/14FZ90,ape,"选自专辑《雪碧音碰音明星榜》,948Kbps,24.1M,国语,2014-05-01",国语,偏爱,24.1M,张芸京 - 偏爱.ape
选自专辑《爱与梦(新曲+精选)》,张智霖,880Kbps,2014-08-08,gitu,http://pan.baidu.com/s/1jG7Pr6Y,ape,"选自专辑《爱与梦(新曲+精选)》,880Kbps,25.8M,粤语,2014-08-08",粤语,怎会如此,25.8M,张智霖 - 怎会如此.ape
选自专辑《太阳雨》,张行,1411Kbps,2014-06-17,97x1,http://pan.baidu.com/s/1c0s1v5Q,wav,"选自专辑《太阳雨》,1411Kbps,421.4M,国语,2014-06-17",国语,专辑《太阳雨》整轨无损,421.4M,张行 - 专辑《太阳雨》整轨无损.wav
选自专辑《破天荒》,张芸京,927Kbps,2015-03-09,enot,http://pan.baidu.com/s/1kTxduYj,ape,"选自专辑《破天荒》,927Kbps,33.2M,国语,2015-03-09",国语,黑裙子,33.2M,张芸京 - 黑裙子.ape
选自专辑《EMI 星声传集之张智霖》,张智霖,531Kbps,2015-03-08,nczo,http://pan.baidu.com/s/1g0D22,flac,"选自专辑《EMI 星声传集之张智霖》,531Kbps,16.1M,粤语,2015-03-08",粤语,生生世世,16.1M,张智霖 - 生生世世.flac
选自专辑《十月初五的月光(原声大碟)》,张智霖,841Kbps,2014-09-04,3ddq,http://pan.baidu.com/s/1dDIj4fZ,ape,"选自专辑《十月初五的月光(原声大碟)》,841Kbps,25.3M,粤语,2014-09-04",粤语,祝君好,25.3M,张智霖 - 祝君好.ape
选自专辑《EMI 星声传集之张智霖》,张智霖,1411Kbps,2015-04-20,n8xu,http://pan.baidu.com/s/1qW9LXVm,wav,"选自专辑《EMI 星声传集之张智霖》,1411Kbps,47.1M,粤语,2015-04-20",粤语,逗我开心吧,47.1M,张智霖 - 逗我开心吧.wav
选自专辑《张玉华(同名专辑)》,张玉华,782Kbps,2014-08-20,1yyp,http://pan.baidu.com/s/1ntG6Xgl,ape,"选自专辑《张玉华(同名专辑)》,782Kbps,23.8M,国语,2014-08-20",国语,原谅,23.8M,张玉华 - 原谅.ape
选自专辑《宝贝》,张悬,696Kbps,2014-09-24,smpz,http://pan.baidu.com/s/1pJG3Bir,ape,"选自专辑《宝贝》,696Kbps,12.1M,国语,2014-09-24",国语,宝贝,12.1M,张悬 - 宝贝.ape
选自专辑《自言自语》,张瑜,1411Kbps,2015-03-24,uqum,http://pan.baidu.com/s/1qWkc1re,wav,"选自专辑《自言自语》,1411Kbps,582.3M,国语,2015-03-24",国语,专辑《自言自语》整轨无损,582.3M,张瑜 - 专辑《自言自语》整轨无损.wav
选自专辑《吉吉》,张远喆,1411Kbps,2014-08-17,flgv,http://pan.baidu.com/s/1dDmuUFR,wav,"选自专辑《吉吉》,1411Kbps,64.7M,国语,2014-08-17",国语,不配做你男朋友,64.7M,张远喆 - 不配做你男朋友.wav
选自专辑《城市》,张悬,980Kbps,2014-11-25,6u31,http://pan.baidu.com/s/1jGBpDJo,flac,"选自专辑《城市》,980Kbps,33.4M,国语,2014-11-25",国语,城市,33.4M,张悬 - 城市.flac
选自专辑《艋舺 电影原声带》,张悬,728Kbps,2014-10-09,iq2p,http://pan.baidu.com/s/1kT1Jh7h,flac,"选自专辑《艋舺 电影原声带》,728Kbps,17.9M,国语,2014-10-09",国语,我想你要走了,17.9M,张悬 - 我想你要走了.flac
选自专辑《神的游戏》,张悬,674Kbps,2015-01-11,twdx,http://pan.baidu.com/s/1kTzd6ib,flac,"选自专辑《神的游戏》,674Kbps,19.4M,国语,2015-01-11",国语,如何,19.4M,张悬 - 如何.flac
选自专辑《神的游戏》,张悬,843Kbps,2015-01-12,ajtg,http://pan.baidu.com/s/1nt2xsbJ,flac,"选自专辑《神的游戏》,843Kbps,28.3M,国语,2015-01-12",国语,艳火,28.3M,张悬 - 艳火.flac
选自专辑《中国好声音第二季第二辑-CDB》,张欣奕,1100Kbps,2014-03-06,xryd,http://pan.baidu.com/s/1mgoM8JI,flac,"选自专辑《中国好声音第二季第二辑-CDB》,1100Kbps,14.2M,国语,2014-03-06",国语,超级爆,14.2M,张欣奕 - 超级爆.flac
选自专辑《亲爱的…我还不知道》,张悬,700Kbps,2014-12-20,grpl,http://pan.baidu.com/s/1bnD6vcN,flac,"选自专辑《亲爱的…我还不知道》,700Kbps,23.4M,国语,2014-12-20",国语,喜欢,23.4M,张悬 - 喜欢.flac
选自专辑《My life will》,张悬,1411Kbps,2015-03-26,p9sk,http://pan.baidu.com/s/1CVtNK,wav,"选自专辑《My life will》,1411Kbps,348.0M,国语,2015-03-26",国语,专辑《My life will》整轨无损,348.0M,张悬 - 专辑《My life will》整轨无损.wav
选自专辑《亲爱的…我还不知道》,张悬,1411Kbps,2015-06-25,3g2c,http://pan.baidu.com/s/1kTrI28n,wav,"选自专辑《亲爱的…我还不知道》,1411Kbps,58.6M,国语,2015-06-25",国语,并不,58.6M,张悬 - 并不.wav
选自专辑《亲爱的…我还不知道》,张悬,1411Kbps,2015-06-29,7gvs,http://pan.baidu.com/s/1gdvoIkF,wav,"选自专辑《亲爱的…我还不知道》,1411Kbps,53.1M,国语,2015-06-29",国语,模样,53.1M,张悬 - 模样.wav
选自专辑《神的游戏》,张悬,888Kbps,2015-08-26,q8tw,http://pan.baidu.com/s/1i3gvCsX,flac,"选自专辑《神的游戏》,888Kbps,31.5M,国语,2015-08-26",国语,玫瑰色的你,31.5M,张悬 - 玫瑰色的你.flac
选自专辑《20世纪中华歌坛名人百集珍藏版》,张也,845Kbps,2014-04-03,mt0a,http://pan.baidu.com/s/1eQ9r4X0,flac,"选自专辑《20世纪中华歌坛名人百集珍藏版》,845Kbps,21.7M,国语,2014-04-03",国语,人间第一情,21.7M,张也 - 人间第一情.flac
选自专辑《走进新时代》,张也,777Kbps,2015-02-20,91r6,http://pan.baidu.com/s/1pJ3GnRd,ape,"选自专辑《走进新时代》,777Kbps,22.7M,国语,2015-02-20",国语,走进新时代,22.7M,张也 - 走进新时代.ape
选自专辑《亲爱的…我还不知道》,张悬,1411Kbps,2015-06-30,3re2,http://pan.baidu.com/s/1hqF58Rq,wav,"选自专辑《亲爱的…我还不知道》,1411Kbps,30.8M,国语,2015-06-30",国语,儿歌,30.8M,张悬 - 儿歌.wav
选自专辑《走进新时代》,张也,755Kbps,2015-06-29,k6h2,http://pan.baidu.com/s/1jGJ5lWU,flac,"选自专辑《走进新时代》,755Kbps,19.1M,国语,2015-06-29",国语,万事如意,19.1M,张也 - 万事如意.flac
选自专辑《What is Love》,张智霖,875Kbps,2015-06-30,i5f4,http://pan.baidu.com/s/1fjZ4q,flac,"选自专辑《What is Love》,875Kbps,24.7M,粤语,2015-06-30",粤语,恋上外星人,24.7M,张智霖 - 恋上外星人.flac
